puzzle_id,num_solutions,json_file_path,iteration_used,time_spent,final_hamming_distance,success,refined_json_path,refined_img_path
0,4,./mnist_nonograms\mnist_puzzle_0.json,8,4.129732370376587,2,True,./Greedy_refined_jsons\0_refined.json,./Greedy_refined_images\puzzle_0_comparison.png
1,2,./mnist_nonograms\mnist_puzzle_1.json,2,1.6754224300384521,1,True,./Greedy_refined_jsons\1_refined.json,./Greedy_refined_images\puzzle_1_comparison.png
1009,4,./mnist_nonograms\mnist_puzzle_1009.json,5,2.091550827026367,1,True,./Greedy_refined_jsons\1009_refined.json,./Greedy_refined_images\puzzle_1009_comparison.png
1010,2,./mnist_nonograms\mnist_puzzle_1010.json,2,1.2185688018798828,1,True,./Greedy_refined_jsons\1010_refined.json,./Greedy_refined_images\puzzle_1010_comparison.png
1016,2,./mnist_nonograms\mnist_puzzle_1016.json,2,0.44747424125671387,1,True,./Greedy_refined_jsons\1016_refined.json,./Greedy_refined_images\puzzle_1016_comparison.png
1018,2,./mnist_nonograms\mnist_puzzle_1018.json,2,0.22310900688171387,1,True,./Greedy_refined_jsons\1018_refined.json,./Greedy_refined_images\puzzle_1018_comparison.png
1023,2,./mnist_nonograms\mnist_puzzle_1023.json,2,1.328294277191162,1,True,./Greedy_refined_jsons\1023_refined.json,./Greedy_refined_images\puzzle_1023_comparison.png
1027,2,./mnist_nonograms\mnist_puzzle_1027.json,2,0.7127740383148193,1,True,./Greedy_refined_jsons\1027_refined.json,./Greedy_refined_images\puzzle_1027_comparison.png
103,2,./mnist_nonograms\mnist_puzzle_103.json,2,0.5537757873535156,1,True,./Greedy_refined_jsons\103_refined.json,./Greedy_refined_images\puzzle_103_comparison.png
1030,2,./mnist_nonograms\mnist_puzzle_1030.json,2,0.7084863185882568,1,True,./Greedy_refined_jsons\1030_refined.json,./Greedy_refined_images\puzzle_1030_comparison.png
1038,2,./mnist_nonograms\mnist_puzzle_1038.json,2,1.1301307678222656,1,True,./Greedy_refined_jsons\1038_refined.json,./Greedy_refined_images\puzzle_1038_comparison.png
1042,2,./mnist_nonograms\mnist_puzzle_1042.json,6,3.084129571914673,1,True,./Greedy_refined_jsons\1042_refined.json,./Greedy_refined_images\puzzle_1042_comparison.png
106,2,./mnist_nonograms\mnist_puzzle_106.json,2,1.1974372863769531,1,True,./Greedy_refined_jsons\106_refined.json,./Greedy_refined_images\puzzle_106_comparison.png
1072,1000,./mnist_nonograms\mnist_puzzle_1072.json,50,43.628291845321655,4,False,./Greedy_refined_jsons\1072_refined.json,./Greedy_refined_images\puzzle_1072_comparison.png
1073,4,./mnist_nonograms\mnist_puzzle_1073.json,3,1.9009654521942139,2,True,./Greedy_refined_jsons\1073_refined.json,./Greedy_refined_images\puzzle_1073_comparison.png
1080,2,./mnist_nonograms\mnist_puzzle_1080.json,2,1.3189153671264648,1,True,./Greedy_refined_jsons\1080_refined.json,./Greedy_refined_images\puzzle_1080_comparison.png
1082,2,./mnist_nonograms\mnist_puzzle_1082.json,2,0.20647764205932617,1,True,./Greedy_refined_jsons\1082_refined.json,./Greedy_refined_images\puzzle_1082_comparison.png
1101,2,./mnist_nonograms\mnist_puzzle_1101.json,2,1.2283668518066406,1,True,./Greedy_refined_jsons\1101_refined.json,./Greedy_refined_images\puzzle_1101_comparison.png
1108,3,./mnist_nonograms\mnist_puzzle_1108.json,3,2.3201558589935303,2,True,./Greedy_refined_jsons\1108_refined.json,./Greedy_refined_images\puzzle_1108_comparison.png
111,2,./mnist_nonograms\mnist_puzzle_111.json,6,3.869652271270752,1,True,./Greedy_refined_jsons\111_refined.json,./Greedy_refined_images\puzzle_111_comparison.png
1117,2,./mnist_nonograms\mnist_puzzle_1117.json,2,1.2715959548950195,1,True,./Greedy_refined_jsons\1117_refined.json,./Greedy_refined_images\puzzle_1117_comparison.png
1132,2,./mnist_nonograms\mnist_puzzle_1132.json,2,1.270885944366455,1,True,./Greedy_refined_jsons\1132_refined.json,./Greedy_refined_images\puzzle_1132_comparison.png
1137,2,./mnist_nonograms\mnist_puzzle_1137.json,3,1.030292272567749,1,True,./Greedy_refined_jsons\1137_refined.json,./Greedy_refined_images\puzzle_1137_comparison.png
1159,4,./mnist_nonograms\mnist_puzzle_1159.json,13,6.281943321228027,2,True,./Greedy_refined_jsons\1159_refined.json,./Greedy_refined_images\puzzle_1159_comparison.png
1164,2,./mnist_nonograms\mnist_puzzle_1164.json,3,1.1632063388824463,1,True,./Greedy_refined_jsons\1164_refined.json,./Greedy_refined_images\puzzle_1164_comparison.png
1170,73,./mnist_nonograms\mnist_puzzle_1170.json,11,12.78023624420166,3,True,./Greedy_refined_jsons\1170_refined.json,./Greedy_refined_images\puzzle_1170_comparison.png
1172,3,./mnist_nonograms\mnist_puzzle_1172.json,5,1.8675482273101807,2,True,./Greedy_refined_jsons\1172_refined.json,./Greedy_refined_images\puzzle_1172_comparison.png
1174,5,./mnist_nonograms\mnist_puzzle_1174.json,2,0.2390601634979248,1,True,./Greedy_refined_jsons\1174_refined.json,./Greedy_refined_images\puzzle_1174_comparison.png
1177,2,./mnist_nonograms\mnist_puzzle_1177.json,2,0.9055328369140625,1,True,./Greedy_refined_jsons\1177_refined.json,./Greedy_refined_images\puzzle_1177_comparison.png
1191,2,./mnist_nonograms\mnist_puzzle_1191.json,3,1.1822614669799805,1,True,./Greedy_refined_jsons\1191_refined.json,./Greedy_refined_images\puzzle_1191_comparison.png
1195,2,./mnist_nonograms\mnist_puzzle_1195.json,2,1.0409681797027588,1,True,./Greedy_refined_jsons\1195_refined.json,./Greedy_refined_images\puzzle_1195_comparison.png
1204,2,./mnist_nonograms\mnist_puzzle_1204.json,2,1.0208663940429688,1,True,./Greedy_refined_jsons\1204_refined.json,./Greedy_refined_images\puzzle_1204_comparison.png
1223,9,./mnist_nonograms\mnist_puzzle_1223.json,4,1.9144885540008545,2,True,./Greedy_refined_jsons\1223_refined.json,./Greedy_refined_images\puzzle_1223_comparison.png
1227,2,./mnist_nonograms\mnist_puzzle_1227.json,3,2.1915736198425293,1,True,./Greedy_refined_jsons\1227_refined.json,./Greedy_refined_images\puzzle_1227_comparison.png
1229,2,./mnist_nonograms\mnist_puzzle_1229.json,4,1.5224132537841797,1,True,./Greedy_refined_jsons\1229_refined.json,./Greedy_refined_images\puzzle_1229_comparison.png
1236,2,./mnist_nonograms\mnist_puzzle_1236.json,2,1.2407994270324707,1,True,./Greedy_refined_jsons\1236_refined.json,./Greedy_refined_images\puzzle_1236_comparison.png
1248,2,./mnist_nonograms\mnist_puzzle_1248.json,2,1.0767462253570557,1,True,./Greedy_refined_jsons\1248_refined.json,./Greedy_refined_images\puzzle_1248_comparison.png
1255,2,./mnist_nonograms\mnist_puzzle_1255.json,2,0.9874098300933838,1,True,./Greedy_refined_jsons\1255_refined.json,./Greedy_refined_images\puzzle_1255_comparison.png
1259,6,./mnist_nonograms\mnist_puzzle_1259.json,4,2.456294298171997,3,True,./Greedy_refined_jsons\1259_refined.json,./Greedy_refined_images\puzzle_1259_comparison.png
1267,8,./mnist_nonograms\mnist_puzzle_1267.json,10,8.570246458053589,4,True,./Greedy_refined_jsons\1267_refined.json,./Greedy_refined_images\puzzle_1267_comparison.png
1276,2,./mnist_nonograms\mnist_puzzle_1276.json,2,0.3920590877532959,1,True,./Greedy_refined_jsons\1276_refined.json,./Greedy_refined_images\puzzle_1276_comparison.png
1277,8,./mnist_nonograms\mnist_puzzle_1277.json,4,3.4662554264068604,1,True,./Greedy_refined_jsons\1277_refined.json,./Greedy_refined_images\puzzle_1277_comparison.png
1283,2,./mnist_nonograms\mnist_puzzle_1283.json,8,8.653371572494507,1,True,./Greedy_refined_jsons\1283_refined.json,./Greedy_refined_images\puzzle_1283_comparison.png
1309,2,./mnist_nonograms\mnist_puzzle_1309.json,2,0.5604150295257568,1,True,./Greedy_refined_jsons\1309_refined.json,./Greedy_refined_images\puzzle_1309_comparison.png
131,2,./mnist_nonograms\mnist_puzzle_131.json,2,1.0371546745300293,1,True,./Greedy_refined_jsons\131_refined.json,./Greedy_refined_images\puzzle_131_comparison.png
1339,2,./mnist_nonograms\mnist_puzzle_1339.json,2,0.7856388092041016,1,True,./Greedy_refined_jsons\1339_refined.json,./Greedy_refined_images\puzzle_1339_comparison.png
1340,2,./mnist_nonograms\mnist_puzzle_1340.json,2,0.7137086391448975,1,True,./Greedy_refined_jsons\1340_refined.json,./Greedy_refined_images\puzzle_1340_comparison.png
135,2,./mnist_nonograms\mnist_puzzle_135.json,2,0.7254817485809326,1,True,./Greedy_refined_jsons\135_refined.json,./Greedy_refined_images\puzzle_135_comparison.png
1352,2,./mnist_nonograms\mnist_puzzle_1352.json,2,0.9517767429351807,1,True,./Greedy_refined_jsons\1352_refined.json,./Greedy_refined_images\puzzle_1352_comparison.png
1359,2,./mnist_nonograms\mnist_puzzle_1359.json,2,0.5699543952941895,1,True,./Greedy_refined_jsons\1359_refined.json,./Greedy_refined_images\puzzle_1359_comparison.png
1367,20,./mnist_nonograms\mnist_puzzle_1367.json,44,27.382190704345703,2,True,./Greedy_refined_jsons\1367_refined.json,./Greedy_refined_images\puzzle_1367_comparison.png
1369,2,./mnist_nonograms\mnist_puzzle_1369.json,2,0.24473285675048828,1,True,./Greedy_refined_jsons\1369_refined.json,./Greedy_refined_images\puzzle_1369_comparison.png
1390,90,./mnist_nonograms\mnist_puzzle_1390.json,22,14.695772171020508,5,True,./Greedy_refined_jsons\1390_refined.json,./Greedy_refined_images\puzzle_1390_comparison.png
1391,2,./mnist_nonograms\mnist_puzzle_1391.json,2,1.1191270351409912,1,True,./Greedy_refined_jsons\1391_refined.json,./Greedy_refined_images\puzzle_1391_comparison.png
1393,2,./mnist_nonograms\mnist_puzzle_1393.json,2,0.8168885707855225,1,True,./Greedy_refined_jsons\1393_refined.json,./Greedy_refined_images\puzzle_1393_comparison.png
1410,2,./mnist_nonograms\mnist_puzzle_1410.json,3,1.365790843963623,1,True,./Greedy_refined_jsons\1410_refined.json,./Greedy_refined_images\puzzle_1410_comparison.png
1413,2,./mnist_nonograms\mnist_puzzle_1413.json,2,0.35413575172424316,1,True,./Greedy_refined_jsons\1413_refined.json,./Greedy_refined_images\puzzle_1413_comparison.png
1418,40,./mnist_nonograms\mnist_puzzle_1418.json,22,24.859286785125732,2,True,./Greedy_refined_jsons\1418_refined.json,./Greedy_refined_images\puzzle_1418_comparison.png
1419,4,./mnist_nonograms\mnist_puzzle_1419.json,4,1.753645896911621,2,True,./Greedy_refined_jsons\1419_refined.json,./Greedy_refined_images\puzzle_1419_comparison.png
1420,2,./mnist_nonograms\mnist_puzzle_1420.json,2,0.4316885471343994,1,True,./Greedy_refined_jsons\1420_refined.json,./Greedy_refined_images\puzzle_1420_comparison.png
1422,115,./mnist_nonograms\mnist_puzzle_1422.json,50,68.57594037055969,3,False,./Greedy_refined_jsons\1422_refined.json,./Greedy_refined_images\puzzle_1422_comparison.png
1429,2,./mnist_nonograms\mnist_puzzle_1429.json,22,23.622375011444092,1,True,./Greedy_refined_jsons\1429_refined.json,./Greedy_refined_images\puzzle_1429_comparison.png
1432,25,./mnist_nonograms\mnist_puzzle_1432.json,2,1.1866655349731445,1,True,./Greedy_refined_jsons\1432_refined.json,./Greedy_refined_images\puzzle_1432_comparison.png
1440,2,./mnist_nonograms\mnist_puzzle_1440.json,2,1.483614444732666,1,True,./Greedy_refined_jsons\1440_refined.json,./Greedy_refined_images\puzzle_1440_comparison.png
1443,4,./mnist_nonograms\mnist_puzzle_1443.json,5,5.821219444274902,2,True,./Greedy_refined_jsons\1443_refined.json,./Greedy_refined_images\puzzle_1443_comparison.png
1444,2,./mnist_nonograms\mnist_puzzle_1444.json,2,2.238077163696289,1,True,./Greedy_refined_jsons\1444_refined.json,./Greedy_refined_images\puzzle_1444_comparison.png
1452,5,./mnist_nonograms\mnist_puzzle_1452.json,3,4.721222400665283,2,True,./Greedy_refined_jsons\1452_refined.json,./Greedy_refined_images\puzzle_1452_comparison.png
1459,2,./mnist_nonograms\mnist_puzzle_1459.json,4,7.5192530155181885,1,True,./Greedy_refined_jsons\1459_refined.json,./Greedy_refined_images\puzzle_1459_comparison.png
1473,4,./mnist_nonograms\mnist_puzzle_1473.json,6,6.432111024856567,2,True,./Greedy_refined_jsons\1473_refined.json,./Greedy_refined_images\puzzle_1473_comparison.png
1480,4,./mnist_nonograms\mnist_puzzle_1480.json,8,8.777106285095215,2,True,./Greedy_refined_jsons\1480_refined.json,./Greedy_refined_images\puzzle_1480_comparison.png
1483,2,./mnist_nonograms\mnist_puzzle_1483.json,3,3.3227450847625732,1,True,./Greedy_refined_jsons\1483_refined.json,./Greedy_refined_images\puzzle_1483_comparison.png
1485,2,./mnist_nonograms\mnist_puzzle_1485.json,2,1.2171409130096436,1,True,./Greedy_refined_jsons\1485_refined.json,./Greedy_refined_images\puzzle_1485_comparison.png
1490,4,./mnist_nonograms\mnist_puzzle_1490.json,5,4.7423415184021,1,True,./Greedy_refined_jsons\1490_refined.json,./Greedy_refined_images\puzzle_1490_comparison.png
1495,31,./mnist_nonograms\mnist_puzzle_1495.json,50,64.2668240070343,3,False,./Greedy_refined_jsons\1495_refined.json,./Greedy_refined_images\puzzle_1495_comparison.png
1502,2,./mnist_nonograms\mnist_puzzle_1502.json,2,1.2979826927185059,1,True,./Greedy_refined_jsons\1502_refined.json,./Greedy_refined_images\puzzle_1502_comparison.png
1514,2,./mnist_nonograms\mnist_puzzle_1514.json,2,1.015927791595459,1,True,./Greedy_refined_jsons\1514_refined.json,./Greedy_refined_images\puzzle_1514_comparison.png
1522,2,./mnist_nonograms\mnist_puzzle_1522.json,2,1.8857312202453613,1,True,./Greedy_refined_jsons\1522_refined.json,./Greedy_refined_images\puzzle_1522_comparison.png
1555,2,./mnist_nonograms\mnist_puzzle_1555.json,3,1.2066094875335693,1,True,./Greedy_refined_jsons\1555_refined.json,./Greedy_refined_images\puzzle_1555_comparison.png
1557,2,./mnist_nonograms\mnist_puzzle_1557.json,2,1.2323386669158936,1,True,./Greedy_refined_jsons\1557_refined.json,./Greedy_refined_images\puzzle_1557_comparison.png
1558,2,./mnist_nonograms\mnist_puzzle_1558.json,2,2.011105537414551,1,True,./Greedy_refined_jsons\1558_refined.json,./Greedy_refined_images\puzzle_1558_comparison.png
1559,2,./mnist_nonograms\mnist_puzzle_1559.json,2,2.223686695098877,1,True,./Greedy_refined_jsons\1559_refined.json,./Greedy_refined_images\puzzle_1559_comparison.png
1575,2,./mnist_nonograms\mnist_puzzle_1575.json,2,0.7180089950561523,1,True,./Greedy_refined_jsons\1575_refined.json,./Greedy_refined_images\puzzle_1575_comparison.png
1576,8,./mnist_nonograms\mnist_puzzle_1576.json,7,9.482109069824219,3,True,./Greedy_refined_jsons\1576_refined.json,./Greedy_refined_images\puzzle_1576_comparison.png
1584,6,./mnist_nonograms\mnist_puzzle_1584.json,9,4.96274209022522,4,True,./Greedy_refined_jsons\1584_refined.json,./Greedy_refined_images\puzzle_1584_comparison.png
1588,10,./mnist_nonograms\mnist_puzzle_1588.json,50,65.48742651939392,2,False,./Greedy_refined_jsons\1588_refined.json,./Greedy_refined_images\puzzle_1588_comparison.png
1589,2,./mnist_nonograms\mnist_puzzle_1589.json,2,1.7363834381103516,1,True,./Greedy_refined_jsons\1589_refined.json,./Greedy_refined_images\puzzle_1589_comparison.png
1599,3,./mnist_nonograms\mnist_puzzle_1599.json,9,14.207323551177979,2,True,./Greedy_refined_jsons\1599_refined.json,./Greedy_refined_images\puzzle_1599_comparison.png
1604,2,./mnist_nonograms\mnist_puzzle_1604.json,2,1.1071710586547852,1,True,./Greedy_refined_jsons\1604_refined.json,./Greedy_refined_images\puzzle_1604_comparison.png
161,2,./mnist_nonograms\mnist_puzzle_161.json,2,1.1280813217163086,1,True,./Greedy_refined_jsons\161_refined.json,./Greedy_refined_images\puzzle_161_comparison.png
1612,3,./mnist_nonograms\mnist_puzzle_1612.json,50,46.41869878768921,1,False,./Greedy_refined_jsons\1612_refined.json,./Greedy_refined_images\puzzle_1612_comparison.png
1620,2,./mnist_nonograms\mnist_puzzle_1620.json,2,1.1987504959106445,1,True,./Greedy_refined_jsons\1620_refined.json,./Greedy_refined_images\puzzle_1620_comparison.png
1622,2,./mnist_nonograms\mnist_puzzle_1622.json,2,1.4090402126312256,1,True,./Greedy_refined_jsons\1622_refined.json,./Greedy_refined_images\puzzle_1622_comparison.png
1626,2,./mnist_nonograms\mnist_puzzle_1626.json,2,1.1756548881530762,1,True,./Greedy_refined_jsons\1626_refined.json,./Greedy_refined_images\puzzle_1626_comparison.png
1632,2,./mnist_nonograms\mnist_puzzle_1632.json,2,1.2221722602844238,1,True,./Greedy_refined_jsons\1632_refined.json,./Greedy_refined_images\puzzle_1632_comparison.png
1635,2,./mnist_nonograms\mnist_puzzle_1635.json,2,1.6153099536895752,1,True,./Greedy_refined_jsons\1635_refined.json,./Greedy_refined_images\puzzle_1635_comparison.png
1637,27,./mnist_nonograms\mnist_puzzle_1637.json,3,1.83121919631958,1,True,./Greedy_refined_jsons\1637_refined.json,./Greedy_refined_images\puzzle_1637_comparison.png
165,2,./mnist_nonograms\mnist_puzzle_165.json,2,1.149517297744751,1,True,./Greedy_refined_jsons\165_refined.json,./Greedy_refined_images\puzzle_165_comparison.png
1653,5,./mnist_nonograms\mnist_puzzle_1653.json,20,13.771610736846924,2,True,./Greedy_refined_jsons\1653_refined.json,./Greedy_refined_images\puzzle_1653_comparison.png
1656,2,./mnist_nonograms\mnist_puzzle_1656.json,2,0.40368103981018066,1,True,./Greedy_refined_jsons\1656_refined.json,./Greedy_refined_images\puzzle_1656_comparison.png
1663,2,./mnist_nonograms\mnist_puzzle_1663.json,2,1.258887767791748,1,True,./Greedy_refined_jsons\1663_refined.json,./Greedy_refined_images\puzzle_1663_comparison.png
1676,2,./mnist_nonograms\mnist_puzzle_1676.json,2,0.8368051052093506,1,True,./Greedy_refined_jsons\1676_refined.json,./Greedy_refined_images\puzzle_1676_comparison.png
1678,2,./mnist_nonograms\mnist_puzzle_1678.json,2,1.4872658252716064,1,True,./Greedy_refined_jsons\1678_refined.json,./Greedy_refined_images\puzzle_1678_comparison.png
1684,2,./mnist_nonograms\mnist_puzzle_1684.json,2,0.8419551849365234,1,True,./Greedy_refined_jsons\1684_refined.json,./Greedy_refined_images\puzzle_1684_comparison.png
1698,2,./mnist_nonograms\mnist_puzzle_1698.json,2,2.0649261474609375,1,True,./Greedy_refined_jsons\1698_refined.json,./Greedy_refined_images\puzzle_1698_comparison.png
1702,2,./mnist_nonograms\mnist_puzzle_1702.json,2,1.8222355842590332,1,True,./Greedy_refined_jsons\1702_refined.json,./Greedy_refined_images\puzzle_1702_comparison.png
1712,2,./mnist_nonograms\mnist_puzzle_1712.json,2,1.0125064849853516,1,True,./Greedy_refined_jsons\1712_refined.json,./Greedy_refined_images\puzzle_1712_comparison.png
1724,6,./mnist_nonograms\mnist_puzzle_1724.json,4,4.250575542449951,3,True,./Greedy_refined_jsons\1724_refined.json,./Greedy_refined_images\puzzle_1724_comparison.png
1729,3,./mnist_nonograms\mnist_puzzle_1729.json,2,0.9132368564605713,1,True,./Greedy_refined_jsons\1729_refined.json,./Greedy_refined_images\puzzle_1729_comparison.png
1731,55,./mnist_nonograms\mnist_puzzle_1731.json,16,19.1685733795166,7,True,./Greedy_refined_jsons\1731_refined.json,./Greedy_refined_images\puzzle_1731_comparison.png
1741,2,./mnist_nonograms\mnist_puzzle_1741.json,2,2.369969129562378,1,True,./Greedy_refined_jsons\1741_refined.json,./Greedy_refined_images\puzzle_1741_comparison.png
1750,4,./mnist_nonograms\mnist_puzzle_1750.json,3,3.1757466793060303,2,True,./Greedy_refined_jsons\1750_refined.json,./Greedy_refined_images\puzzle_1750_comparison.png
1759,2,./mnist_nonograms\mnist_puzzle_1759.json,2,1.9984052181243896,1,True,./Greedy_refined_jsons\1759_refined.json,./Greedy_refined_images\puzzle_1759_comparison.png
1765,2,./mnist_nonograms\mnist_puzzle_1765.json,2,1.800184965133667,1,True,./Greedy_refined_jsons\1765_refined.json,./Greedy_refined_images\puzzle_1765_comparison.png
1784,2,./mnist_nonograms\mnist_puzzle_1784.json,2,1.227797508239746,1,True,./Greedy_refined_jsons\1784_refined.json,./Greedy_refined_images\puzzle_1784_comparison.png
1787,2,./mnist_nonograms\mnist_puzzle_1787.json,2,0.9141459465026855,1,True,./Greedy_refined_jsons\1787_refined.json,./Greedy_refined_images\puzzle_1787_comparison.png
1790,2,./mnist_nonograms\mnist_puzzle_1790.json,2,1.441115140914917,1,True,./Greedy_refined_jsons\1790_refined.json,./Greedy_refined_images\puzzle_1790_comparison.png
1791,2,./mnist_nonograms\mnist_puzzle_1791.json,2,0.8894028663635254,1,True,./Greedy_refined_jsons\1791_refined.json,./Greedy_refined_images\puzzle_1791_comparison.png
1813,8,./mnist_nonograms\mnist_puzzle_1813.json,18,10.50012493133545,3,True,./Greedy_refined_jsons\1813_refined.json,./Greedy_refined_images\puzzle_1813_comparison.png
1814,2,./mnist_nonograms\mnist_puzzle_1814.json,2,1.8097681999206543,1,True,./Greedy_refined_jsons\1814_refined.json,./Greedy_refined_images\puzzle_1814_comparison.png
183,4,./mnist_nonograms\mnist_puzzle_183.json,5,3.314039945602417,2,True,./Greedy_refined_jsons\183_refined.json,./Greedy_refined_images\puzzle_183_comparison.png
1839,2,./mnist_nonograms\mnist_puzzle_1839.json,2,1.536778211593628,1,True,./Greedy_refined_jsons\1839_refined.json,./Greedy_refined_images\puzzle_1839_comparison.png
1849,383,./mnist_nonograms\mnist_puzzle_1849.json,15,40.724469900131226,4,True,./Greedy_refined_jsons\1849_refined.json,./Greedy_refined_images\puzzle_1849_comparison.png
1862,138,./mnist_nonograms\mnist_puzzle_1862.json,45,35.953179359436035,6,True,./Greedy_refined_jsons\1862_refined.json,./Greedy_refined_images\puzzle_1862_comparison.png
1869,2,./mnist_nonograms\mnist_puzzle_1869.json,2,2.933046579360962,1,True,./Greedy_refined_jsons\1869_refined.json,./Greedy_refined_images\puzzle_1869_comparison.png
1883,1000,./mnist_nonograms\mnist_puzzle_1883.json,50,67.39334774017334,7,False,./Greedy_refined_jsons\1883_refined.json,./Greedy_refined_images\puzzle_1883_comparison.png
19,2,./mnist_nonograms\mnist_puzzle_19.json,2,2.092299461364746,1,True,./Greedy_refined_jsons\19_refined.json,./Greedy_refined_images\puzzle_19_comparison.png
1901,1000,./mnist_nonograms\mnist_puzzle_1901.json,50,214.69160914421082,0,False,./Greedy_refined_jsons\1901_refined.json,./Greedy_refined_images\puzzle_1901_comparison.png
1910,2,./mnist_nonograms\mnist_puzzle_1910.json,2,0.6742722988128662,1,True,./Greedy_refined_jsons\1910_refined.json,./Greedy_refined_images\puzzle_1910_comparison.png
1911,2,./mnist_nonograms\mnist_puzzle_1911.json,2,2.0090842247009277,1,True,./Greedy_refined_jsons\1911_refined.json,./Greedy_refined_images\puzzle_1911_comparison.png
1915,2,./mnist_nonograms\mnist_puzzle_1915.json,3,1.9107987880706787,1,True,./Greedy_refined_jsons\1915_refined.json,./Greedy_refined_images\puzzle_1915_comparison.png
1917,6,./mnist_nonograms\mnist_puzzle_1917.json,3,2.165947198867798,2,True,./Greedy_refined_jsons\1917_refined.json,./Greedy_refined_images\puzzle_1917_comparison.png
1922,10,./mnist_nonograms\mnist_puzzle_1922.json,8,7.701785087585449,3,True,./Greedy_refined_jsons\1922_refined.json,./Greedy_refined_images\puzzle_1922_comparison.png
1929,4,./mnist_nonograms\mnist_puzzle_1929.json,2,1.6487529277801514,1,True,./Greedy_refined_jsons\1929_refined.json,./Greedy_refined_images\puzzle_1929_comparison.png
1936,2,./mnist_nonograms\mnist_puzzle_1936.json,2,1.4059219360351562,1,True,./Greedy_refined_jsons\1936_refined.json,./Greedy_refined_images\puzzle_1936_comparison.png
1942,2,./mnist_nonograms\mnist_puzzle_1942.json,3,2.120626926422119,1,True,./Greedy_refined_jsons\1942_refined.json,./Greedy_refined_images\puzzle_1942_comparison.png
1948,2,./mnist_nonograms\mnist_puzzle_1948.json,2,1.4810476303100586,1,True,./Greedy_refined_jsons\1948_refined.json,./Greedy_refined_images\puzzle_1948_comparison.png
1950,2,./mnist_nonograms\mnist_puzzle_1950.json,3,3.404144048690796,1,True,./Greedy_refined_jsons\1950_refined.json,./Greedy_refined_images\puzzle_1950_comparison.png
1953,2,./mnist_nonograms\mnist_puzzle_1953.json,4,1.261490821838379,1,True,./Greedy_refined_jsons\1953_refined.json,./Greedy_refined_images\puzzle_1953_comparison.png
1957,2,./mnist_nonograms\mnist_puzzle_1957.json,3,2.8845396041870117,1,True,./Greedy_refined_jsons\1957_refined.json,./Greedy_refined_images\puzzle_1957_comparison.png
196,2,./mnist_nonograms\mnist_puzzle_196.json,3,0.5996906757354736,1,True,./Greedy_refined_jsons\196_refined.json,./Greedy_refined_images\puzzle_196_comparison.png
1970,2,./mnist_nonograms\mnist_puzzle_1970.json,4,2.63566517829895,1,True,./Greedy_refined_jsons\1970_refined.json,./Greedy_refined_images\puzzle_1970_comparison.png
1972,2,./mnist_nonograms\mnist_puzzle_1972.json,2,1.0650465488433838,1,True,./Greedy_refined_jsons\1972_refined.json,./Greedy_refined_images\puzzle_1972_comparison.png
198,2,./mnist_nonograms\mnist_puzzle_198.json,3,0.7596879005432129,1,True,./Greedy_refined_jsons\198_refined.json,./Greedy_refined_images\puzzle_198_comparison.png
1981,11,./mnist_nonograms\mnist_puzzle_1981.json,10,16.920937538146973,2,True,./Greedy_refined_jsons\1981_refined.json,./Greedy_refined_images\puzzle_1981_comparison.png
1984,2,./mnist_nonograms\mnist_puzzle_1984.json,2,1.9030249118804932,1,True,./Greedy_refined_jsons\1984_refined.json,./Greedy_refined_images\puzzle_1984_comparison.png
199,2,./mnist_nonograms\mnist_puzzle_199.json,2,1.8217124938964844,1,True,./Greedy_refined_jsons\199_refined.json,./Greedy_refined_images\puzzle_199_comparison.png
1990,89,./mnist_nonograms\mnist_puzzle_1990.json,28,27.100133657455444,6,True,./Greedy_refined_jsons\1990_refined.json,./Greedy_refined_images\puzzle_1990_comparison.png
1998,2,./mnist_nonograms\mnist_puzzle_1998.json,2,1.368994951248169,1,True,./Greedy_refined_jsons\1998_refined.json,./Greedy_refined_images\puzzle_1998_comparison.png
1999,2,./mnist_nonograms\mnist_puzzle_1999.json,2,1.3812000751495361,1,True,./Greedy_refined_jsons\1999_refined.json,./Greedy_refined_images\puzzle_1999_comparison.png
207,2,./mnist_nonograms\mnist_puzzle_207.json,2,0.2928738594055176,1,True,./Greedy_refined_jsons\207_refined.json,./Greedy_refined_images\puzzle_207_comparison.png
22,10,./mnist_nonograms\mnist_puzzle_22.json,3,4.35347580909729,2,True,./Greedy_refined_jsons\22_refined.json,./Greedy_refined_images\puzzle_22_comparison.png
223,2,./mnist_nonograms\mnist_puzzle_223.json,3,4.81297492980957,1,True,./Greedy_refined_jsons\223_refined.json,./Greedy_refined_images\puzzle_223_comparison.png
224,4,./mnist_nonograms\mnist_puzzle_224.json,2,1.1422319412231445,1,True,./Greedy_refined_jsons\224_refined.json,./Greedy_refined_images\puzzle_224_comparison.png
225,4,./mnist_nonograms\mnist_puzzle_225.json,6,7.096890687942505,2,True,./Greedy_refined_jsons\225_refined.json,./Greedy_refined_images\puzzle_225_comparison.png
233,2,./mnist_nonograms\mnist_puzzle_233.json,2,1.52150559425354,1,True,./Greedy_refined_jsons\233_refined.json,./Greedy_refined_images\puzzle_233_comparison.png
253,2,./mnist_nonograms\mnist_puzzle_253.json,2,1.102454662322998,1,True,./Greedy_refined_jsons\253_refined.json,./Greedy_refined_images\puzzle_253_comparison.png
254,4,./mnist_nonograms\mnist_puzzle_254.json,6,7.743109703063965,2,True,./Greedy_refined_jsons\254_refined.json,./Greedy_refined_images\puzzle_254_comparison.png
256,10,./mnist_nonograms\mnist_puzzle_256.json,16,23.529363870620728,3,True,./Greedy_refined_jsons\256_refined.json,./Greedy_refined_images\puzzle_256_comparison.png
258,7,./mnist_nonograms\mnist_puzzle_258.json,8,5.6348206996917725,2,True,./Greedy_refined_jsons\258_refined.json,./Greedy_refined_images\puzzle_258_comparison.png
263,379,./mnist_nonograms\mnist_puzzle_263.json,50,84.87725138664246,5,False,./Greedy_refined_jsons\263_refined.json,./Greedy_refined_images\puzzle_263_comparison.png
265,2,./mnist_nonograms\mnist_puzzle_265.json,2,0.3639702796936035,1,True,./Greedy_refined_jsons\265_refined.json,./Greedy_refined_images\puzzle_265_comparison.png
268,2,./mnist_nonograms\mnist_puzzle_268.json,2,0.7705628871917725,1,True,./Greedy_refined_jsons\268_refined.json,./Greedy_refined_images\puzzle_268_comparison.png
277,26,./mnist_nonograms\mnist_puzzle_277.json,21,22.10007953643799,4,True,./Greedy_refined_jsons\277_refined.json,./Greedy_refined_images\puzzle_277_comparison.png
290,2,./mnist_nonograms\mnist_puzzle_290.json,2,1.8312230110168457,1,True,./Greedy_refined_jsons\290_refined.json,./Greedy_refined_images\puzzle_290_comparison.png
291,2,./mnist_nonograms\mnist_puzzle_291.json,2,0.4350922107696533,1,True,./Greedy_refined_jsons\291_refined.json,./Greedy_refined_images\puzzle_291_comparison.png
299,2,./mnist_nonograms\mnist_puzzle_299.json,2,1.3242850303649902,1,True,./Greedy_refined_jsons\299_refined.json,./Greedy_refined_images\puzzle_299_comparison.png
306,4,./mnist_nonograms\mnist_puzzle_306.json,3,4.10399603843689,2,True,./Greedy_refined_jsons\306_refined.json,./Greedy_refined_images\puzzle_306_comparison.png
339,2,./mnist_nonograms\mnist_puzzle_339.json,2,1.4632046222686768,1,True,./Greedy_refined_jsons\339_refined.json,./Greedy_refined_images\puzzle_339_comparison.png
35,2,./mnist_nonograms\mnist_puzzle_35.json,3,1.362532138824463,1,True,./Greedy_refined_jsons\35_refined.json,./Greedy_refined_images\puzzle_35_comparison.png
350,8,./mnist_nonograms\mnist_puzzle_350.json,11,14.454484939575195,4,True,./Greedy_refined_jsons\350_refined.json,./Greedy_refined_images\puzzle_350_comparison.png
353,2,./mnist_nonograms\mnist_puzzle_353.json,2,1.2543225288391113,1,True,./Greedy_refined_jsons\353_refined.json,./Greedy_refined_images\puzzle_353_comparison.png
36,2,./mnist_nonograms\mnist_puzzle_36.json,2,0.3720247745513916,1,True,./Greedy_refined_jsons\36_refined.json,./Greedy_refined_images\puzzle_36_comparison.png
37,2,./mnist_nonograms\mnist_puzzle_37.json,2,1.2475054264068604,1,True,./Greedy_refined_jsons\37_refined.json,./Greedy_refined_images\puzzle_37_comparison.png
378,2,./mnist_nonograms\mnist_puzzle_378.json,2,1.7053840160369873,1,True,./Greedy_refined_jsons\378_refined.json,./Greedy_refined_images\puzzle_378_comparison.png
379,2,./mnist_nonograms\mnist_puzzle_379.json,5,1.826890468597412,1,True,./Greedy_refined_jsons\379_refined.json,./Greedy_refined_images\puzzle_379_comparison.png
399,2,./mnist_nonograms\mnist_puzzle_399.json,2,1.555147409439087,1,True,./Greedy_refined_jsons\399_refined.json,./Greedy_refined_images\puzzle_399_comparison.png
411,2,./mnist_nonograms\mnist_puzzle_411.json,2,1.7258212566375732,1,True,./Greedy_refined_jsons\411_refined.json,./Greedy_refined_images\puzzle_411_comparison.png
412,4,./mnist_nonograms\mnist_puzzle_412.json,7,7.86247992515564,2,True,./Greedy_refined_jsons\412_refined.json,./Greedy_refined_images\puzzle_412_comparison.png
414,2,./mnist_nonograms\mnist_puzzle_414.json,2,1.2338285446166992,1,True,./Greedy_refined_jsons\414_refined.json,./Greedy_refined_images\puzzle_414_comparison.png
416,2,./mnist_nonograms\mnist_puzzle_416.json,3,2.4379501342773438,1,True,./Greedy_refined_jsons\416_refined.json,./Greedy_refined_images\puzzle_416_comparison.png
433,19,./mnist_nonograms\mnist_puzzle_433.json,14,18.306246995925903,3,True,./Greedy_refined_jsons\433_refined.json,./Greedy_refined_images\puzzle_433_comparison.png
444,6,./mnist_nonograms\mnist_puzzle_444.json,41,37.52533960342407,2,True,./Greedy_refined_jsons\444_refined.json,./Greedy_refined_images\puzzle_444_comparison.png
448,3,./mnist_nonograms\mnist_puzzle_448.json,4,4.766104459762573,2,True,./Greedy_refined_jsons\448_refined.json,./Greedy_refined_images\puzzle_448_comparison.png
45,2,./mnist_nonograms\mnist_puzzle_45.json,6,2.4710185527801514,1,True,./Greedy_refined_jsons\45_refined.json,./Greedy_refined_images\puzzle_45_comparison.png
457,2,./mnist_nonograms\mnist_puzzle_457.json,2,1.0252692699432373,1,True,./Greedy_refined_jsons\457_refined.json,./Greedy_refined_images\puzzle_457_comparison.png
459,4,./mnist_nonograms\mnist_puzzle_459.json,13,9.783621311187744,2,True,./Greedy_refined_jsons\459_refined.json,./Greedy_refined_images\puzzle_459_comparison.png
476,2,./mnist_nonograms\mnist_puzzle_476.json,2,1.4356892108917236,1,True,./Greedy_refined_jsons\476_refined.json,./Greedy_refined_images\puzzle_476_comparison.png
490,2,./mnist_nonograms\mnist_puzzle_490.json,5,2.6335480213165283,1,True,./Greedy_refined_jsons\490_refined.json,./Greedy_refined_images\puzzle_490_comparison.png
502,5,./mnist_nonograms\mnist_puzzle_502.json,17,12.42815351486206,3,True,./Greedy_refined_jsons\502_refined.json,./Greedy_refined_images\puzzle_502_comparison.png
504,2,./mnist_nonograms\mnist_puzzle_504.json,3,2.722823143005371,1,True,./Greedy_refined_jsons\504_refined.json,./Greedy_refined_images\puzzle_504_comparison.png
511,3,./mnist_nonograms\mnist_puzzle_511.json,2,1.5182714462280273,1,True,./Greedy_refined_jsons\511_refined.json,./Greedy_refined_images\puzzle_511_comparison.png
522,2,./mnist_nonograms\mnist_puzzle_522.json,2,1.3360481262207031,1,True,./Greedy_refined_jsons\522_refined.json,./Greedy_refined_images\puzzle_522_comparison.png
527,2,./mnist_nonograms\mnist_puzzle_527.json,3,2.4828941822052,1,True,./Greedy_refined_jsons\527_refined.json,./Greedy_refined_images\puzzle_527_comparison.png
534,2,./mnist_nonograms\mnist_puzzle_534.json,2,1.5625898838043213,1,True,./Greedy_refined_jsons\534_refined.json,./Greedy_refined_images\puzzle_534_comparison.png
551,4,./mnist_nonograms\mnist_puzzle_551.json,6,4.03649115562439,2,True,./Greedy_refined_jsons\551_refined.json,./Greedy_refined_images\puzzle_551_comparison.png
552,2,./mnist_nonograms\mnist_puzzle_552.json,2,1.2941114902496338,1,True,./Greedy_refined_jsons\552_refined.json,./Greedy_refined_images\puzzle_552_comparison.png
573,2,./mnist_nonograms\mnist_puzzle_573.json,2,0.3276207447052002,1,True,./Greedy_refined_jsons\573_refined.json,./Greedy_refined_images\puzzle_573_comparison.png
578,24,./mnist_nonograms\mnist_puzzle_578.json,50,34.473538637161255,3,False,./Greedy_refined_jsons\578_refined.json,./Greedy_refined_images\puzzle_578_comparison.png
599,2,./mnist_nonograms\mnist_puzzle_599.json,2,0.3453400135040283,1,True,./Greedy_refined_jsons\599_refined.json,./Greedy_refined_images\puzzle_599_comparison.png
606,4,./mnist_nonograms\mnist_puzzle_606.json,2,2.8377726078033447,1,True,./Greedy_refined_jsons\606_refined.json,./Greedy_refined_images\puzzle_606_comparison.png
613,2,./mnist_nonograms\mnist_puzzle_613.json,2,1.2896218299865723,1,True,./Greedy_refined_jsons\613_refined.json,./Greedy_refined_images\puzzle_613_comparison.png
617,4,./mnist_nonograms\mnist_puzzle_617.json,5,4.823686838150024,2,True,./Greedy_refined_jsons\617_refined.json,./Greedy_refined_images\puzzle_617_comparison.png
627,65,./mnist_nonograms\mnist_puzzle_627.json,36,63.909911155700684,5,True,./Greedy_refined_jsons\627_refined.json,./Greedy_refined_images\puzzle_627_comparison.png
628,7,./mnist_nonograms\mnist_puzzle_628.json,5,3.914362668991089,3,True,./Greedy_refined_jsons\628_refined.json,./Greedy_refined_images\puzzle_628_comparison.png
632,2,./mnist_nonograms\mnist_puzzle_632.json,3,0.40966176986694336,1,True,./Greedy_refined_jsons\632_refined.json,./Greedy_refined_images\puzzle_632_comparison.png
643,2,./mnist_nonograms\mnist_puzzle_643.json,2,0.3679070472717285,1,True,./Greedy_refined_jsons\643_refined.json,./Greedy_refined_images\puzzle_643_comparison.png
650,2,./mnist_nonograms\mnist_puzzle_650.json,2,0.9046213626861572,1,True,./Greedy_refined_jsons\650_refined.json,./Greedy_refined_images\puzzle_650_comparison.png
653,3,./mnist_nonograms\mnist_puzzle_653.json,3,1.8142988681793213,2,True,./Greedy_refined_jsons\653_refined.json,./Greedy_refined_images\puzzle_653_comparison.png
654,2,./mnist_nonograms\mnist_puzzle_654.json,2,0.9118082523345947,1,True,./Greedy_refined_jsons\654_refined.json,./Greedy_refined_images\puzzle_654_comparison.png
662,2,./mnist_nonograms\mnist_puzzle_662.json,2,0.2300248146057129,1,True,./Greedy_refined_jsons\662_refined.json,./Greedy_refined_images\puzzle_662_comparison.png
664,2,./mnist_nonograms\mnist_puzzle_664.json,2,1.1173572540283203,1,True,./Greedy_refined_jsons\664_refined.json,./Greedy_refined_images\puzzle_664_comparison.png
666,1000,./mnist_nonograms\mnist_puzzle_666.json,50,63.98866820335388,8,False,./Greedy_refined_jsons\666_refined.json,./Greedy_refined_images\puzzle_666_comparison.png
670,2,./mnist_nonograms\mnist_puzzle_670.json,2,1.0556936264038086,1,True,./Greedy_refined_jsons\670_refined.json,./Greedy_refined_images\puzzle_670_comparison.png
672,1000,./mnist_nonograms\mnist_puzzle_672.json,50,111.87210464477539,7,False,./Greedy_refined_jsons\672_refined.json,./Greedy_refined_images\puzzle_672_comparison.png
678,2,./mnist_nonograms\mnist_puzzle_678.json,2,1.555060625076294,1,True,./Greedy_refined_jsons\678_refined.json,./Greedy_refined_images\puzzle_678_comparison.png
701,2,./mnist_nonograms\mnist_puzzle_701.json,2,0.9814329147338867,1,True,./Greedy_refined_jsons\701_refined.json,./Greedy_refined_images\puzzle_701_comparison.png
707,2,./mnist_nonograms\mnist_puzzle_707.json,2,0.7326333522796631,1,True,./Greedy_refined_jsons\707_refined.json,./Greedy_refined_images\puzzle_707_comparison.png
719,2,./mnist_nonograms\mnist_puzzle_719.json,2,1.288391351699829,1,True,./Greedy_refined_jsons\719_refined.json,./Greedy_refined_images\puzzle_719_comparison.png
720,2,./mnist_nonograms\mnist_puzzle_720.json,2,1.5893027782440186,1,True,./Greedy_refined_jsons\720_refined.json,./Greedy_refined_images\puzzle_720_comparison.png
728,2,./mnist_nonograms\mnist_puzzle_728.json,2,0.6958949565887451,1,True,./Greedy_refined_jsons\728_refined.json,./Greedy_refined_images\puzzle_728_comparison.png
745,33,./mnist_nonograms\mnist_puzzle_745.json,28,24.36945605278015,5,True,./Greedy_refined_jsons\745_refined.json,./Greedy_refined_images\puzzle_745_comparison.png
746,2,./mnist_nonograms\mnist_puzzle_746.json,2,0.48616480827331543,1,True,./Greedy_refined_jsons\746_refined.json,./Greedy_refined_images\puzzle_746_comparison.png
76,2,./mnist_nonograms\mnist_puzzle_76.json,2,0.2909085750579834,1,True,./Greedy_refined_jsons\76_refined.json,./Greedy_refined_images\puzzle_76_comparison.png
764,2,./mnist_nonograms\mnist_puzzle_764.json,5,0.4743778705596924,1,True,./Greedy_refined_jsons\764_refined.json,./Greedy_refined_images\puzzle_764_comparison.png
772,4,./mnist_nonograms\mnist_puzzle_772.json,6,2.23354172706604,2,True,./Greedy_refined_jsons\772_refined.json,./Greedy_refined_images\puzzle_772_comparison.png
777,5,./mnist_nonograms\mnist_puzzle_777.json,7,4.885947227478027,2,True,./Greedy_refined_jsons\777_refined.json,./Greedy_refined_images\puzzle_777_comparison.png
780,2,./mnist_nonograms\mnist_puzzle_780.json,2,0.8490302562713623,1,True,./Greedy_refined_jsons\780_refined.json,./Greedy_refined_images\puzzle_780_comparison.png
782,8,./mnist_nonograms\mnist_puzzle_782.json,8,5.690011978149414,3,True,./Greedy_refined_jsons\782_refined.json,./Greedy_refined_images\puzzle_782_comparison.png
784,2,./mnist_nonograms\mnist_puzzle_784.json,4,1.4572710990905762,1,True,./Greedy_refined_jsons\784_refined.json,./Greedy_refined_images\puzzle_784_comparison.png
808,4,./mnist_nonograms\mnist_puzzle_808.json,5,2.623692274093628,2,True,./Greedy_refined_jsons\808_refined.json,./Greedy_refined_images\puzzle_808_comparison.png
812,2,./mnist_nonograms\mnist_puzzle_812.json,3,1.9104986190795898,1,True,./Greedy_refined_jsons\812_refined.json,./Greedy_refined_images\puzzle_812_comparison.png
83,2,./mnist_nonograms\mnist_puzzle_83.json,12,6.447031021118164,1,True,./Greedy_refined_jsons\83_refined.json,./Greedy_refined_images\puzzle_83_comparison.png
836,2,./mnist_nonograms\mnist_puzzle_836.json,2,0.6073849201202393,1,True,./Greedy_refined_jsons\836_refined.json,./Greedy_refined_images\puzzle_836_comparison.png
838,12,./mnist_nonograms\mnist_puzzle_838.json,32,22.664543628692627,3,True,./Greedy_refined_jsons\838_refined.json,./Greedy_refined_images\puzzle_838_comparison.png
849,2,./mnist_nonograms\mnist_puzzle_849.json,2,0.8222639560699463,1,True,./Greedy_refined_jsons\849_refined.json,./Greedy_refined_images\puzzle_849_comparison.png
855,2,./mnist_nonograms\mnist_puzzle_855.json,2,1.0136077404022217,1,True,./Greedy_refined_jsons\855_refined.json,./Greedy_refined_images\puzzle_855_comparison.png
860,2,./mnist_nonograms\mnist_puzzle_860.json,2,0.907996416091919,1,True,./Greedy_refined_jsons\860_refined.json,./Greedy_refined_images\puzzle_860_comparison.png
862,2,./mnist_nonograms\mnist_puzzle_862.json,2,0.23224210739135742,1,True,./Greedy_refined_jsons\862_refined.json,./Greedy_refined_images\puzzle_862_comparison.png
866,10,./mnist_nonograms\mnist_puzzle_866.json,3,1.128199815750122,1,True,./Greedy_refined_jsons\866_refined.json,./Greedy_refined_images\puzzle_866_comparison.png
87,66,./mnist_nonograms\mnist_puzzle_87.json,50,38.64695715904236,4,False,./Greedy_refined_jsons\87_refined.json,./Greedy_refined_images\puzzle_87_comparison.png
872,4,./mnist_nonograms\mnist_puzzle_872.json,4,2.4282305240631104,2,True,./Greedy_refined_jsons\872_refined.json,./Greedy_refined_images\puzzle_872_comparison.png
89,2,./mnist_nonograms\mnist_puzzle_89.json,3,1.7018201351165771,1,True,./Greedy_refined_jsons\89_refined.json,./Greedy_refined_images\puzzle_89_comparison.png
891,2,./mnist_nonograms\mnist_puzzle_891.json,2,0.21270155906677246,1,True,./Greedy_refined_jsons\891_refined.json,./Greedy_refined_images\puzzle_891_comparison.png
892,2,./mnist_nonograms\mnist_puzzle_892.json,2,0.9112999439239502,1,True,./Greedy_refined_jsons\892_refined.json,./Greedy_refined_images\puzzle_892_comparison.png
896,3,./mnist_nonograms\mnist_puzzle_896.json,4,2.1253674030303955,2,True,./Greedy_refined_jsons\896_refined.json,./Greedy_refined_images\puzzle_896_comparison.png
9,2,./mnist_nonograms\mnist_puzzle_9.json,2,0.9954187870025635,1,True,./Greedy_refined_jsons\9_refined.json,./Greedy_refined_images\puzzle_9_comparison.png
905,2,./mnist_nonograms\mnist_puzzle_905.json,2,1.1019892692565918,1,True,./Greedy_refined_jsons\905_refined.json,./Greedy_refined_images\puzzle_905_comparison.png
913,4,./mnist_nonograms\mnist_puzzle_913.json,10,11.732303142547607,2,True,./Greedy_refined_jsons\913_refined.json,./Greedy_refined_images\puzzle_913_comparison.png
914,2,./mnist_nonograms\mnist_puzzle_914.json,2,0.90557861328125,1,True,./Greedy_refined_jsons\914_refined.json,./Greedy_refined_images\puzzle_914_comparison.png
919,2,./mnist_nonograms\mnist_puzzle_919.json,2,0.9164965152740479,1,True,./Greedy_refined_jsons\919_refined.json,./Greedy_refined_images\puzzle_919_comparison.png
92,2,./mnist_nonograms\mnist_puzzle_92.json,2,0.23077082633972168,1,True,./Greedy_refined_jsons\92_refined.json,./Greedy_refined_images\puzzle_92_comparison.png
932,2,./mnist_nonograms\mnist_puzzle_932.json,2,0.24203157424926758,1,True,./Greedy_refined_jsons\932_refined.json,./Greedy_refined_images\puzzle_932_comparison.png
947,2,./mnist_nonograms\mnist_puzzle_947.json,3,2.038689136505127,1,True,./Greedy_refined_jsons\947_refined.json,./Greedy_refined_images\puzzle_947_comparison.png
95,2,./mnist_nonograms\mnist_puzzle_95.json,2,0.9034979343414307,1,True,./Greedy_refined_jsons\95_refined.json,./Greedy_refined_images\puzzle_95_comparison.png
961,2,./mnist_nonograms\mnist_puzzle_961.json,3,0.30248594284057617,1,True,./Greedy_refined_jsons\961_refined.json,./Greedy_refined_images\puzzle_961_comparison.png
965,2,./mnist_nonograms\mnist_puzzle_965.json,2,1.405029535293579,1,True,./Greedy_refined_jsons\965_refined.json,./Greedy_refined_images\puzzle_965_comparison.png
967,2,./mnist_nonograms\mnist_puzzle_967.json,3,0.25827980041503906,1,True,./Greedy_refined_jsons\967_refined.json,./Greedy_refined_images\puzzle_967_comparison.png
98,2,./mnist_nonograms\mnist_puzzle_98.json,2,0.5284292697906494,1,True,./Greedy_refined_jsons\98_refined.json,./Greedy_refined_images\puzzle_98_comparison.png
997,2,./mnist_nonograms\mnist_puzzle_997.json,2,0.9109892845153809,1,True,./Greedy_refined_jsons\997_refined.json,./Greedy_refined_images\puzzle_997_comparison.png
