puzzle_id,label,row_hints,col_hints,num_solutions,json_file_path
0,6,"[[], [1], [2], [2], [2], [2], [2], [2], [1], [1], [1], [2], [2, 5], [3, 6], [2, 1, 1], [2, 1, 2], [4, 3], [8], [5], [], [], [], [], [], []]","[[], [], [], [], [], [], [], [], [5], [7], [3, 3], [3, 4], [3, 2, 2], [4, 2, 3], [4, 2, 2], [3, 2, 3], [4], [2], [], [], [], [], [], [], []]",4,./mnist_nonograms\mnist_puzzle_0.json
1,3,"[[], [], [], [], [5], [9], [10], [3, 3], [3], [3], [3], [6], [8], [2, 4], [4], [4], [3], [3], [1, 4], [2, 5], [8], [3], [], [], []]","[[], [], [], [], [], [], [1], [3], [3, 1], [3, 1, 3], [3, 3, 4], [3, 3, 2], [3, 2, 2], [10, 2], [12, 3], [16], [8], [5], [], [], [], [], [], [], []]",2,./mnist_nonograms\mnist_puzzle_1.json
1009,5,"[[], [], [], [], [], [1, 1], [3, 3], [7], [1, 2], [1], [2], [6], [2], [2], [2], [1], [2], [1, 2], [3, 1], [4, 1], [5], [], [], [], []]","[[], [], [], [], [2], [2], [3], [2], [1, 2], [1, 1], [2, 2], [3], [1, 1, 3], [1, 7], [3, 3], [2], [2], [2], [1], [2], [2], [2], [], [], []]",4,./mnist_nonograms\mnist_puzzle_1009.json
1010,3,"[[], [], [], [], [12], [13], [4, 6], [3], [3], [5], [5], [9], [13], [13], [3], [4], [4], [1, 4], [5, 5], [14], [13], [], [], [], []]","[[], [], [], [], [3], [3], [3, 1, 3], [3, 2, 3], [3, 2, 3], [3, 3, 2], [2, 3, 2], [2, 3, 2], [2, 3, 2], [3, 3, 2], [3, 4, 3], [3, 5, 3], [3, 13], [17], [6, 7], [1, 1, 1, 3], [], [], [], [], []]",2,./mnist_nonograms\mnist_puzzle_1010.json
1016,6,"[[], [], [], [], [3], [4], [5], [4], [4], [5], [5, 5], [6, 6], [4, 9], [12, 3], [11, 2], [13], [13], [10], [1], [], [], [], [], [], []]","[[], [], [], [], [3], [6], [9], [11], [13], [3, 6], [4], [5], [5], [6], [6], [8], [8], [8], [3, 3], [8], [8], [2], [], [], []]",2,./mnist_nonograms\mnist_puzzle_1016.json
1018,1,"[[], [], [], [], [2], [4], [4], [3], [3], [3], [3], [3], [2], [2], [2], [2], [3], [3], [2], [3], [3], [3], [], [], []]","[[], [], [], [], [], [], [], [], [2], [6], [8], [5, 1], [3], [4], [4], [4], [4], [3], [3], [3], [], [], [], [], []]",2,./mnist_nonograms\mnist_puzzle_1018.json
1023,9,"[[], [], [], [], [1], [11], [15], [5, 5], [4, 3], [4, 2], [3, 2], [3, 2], [13, 2], [11, 2], [6, 3], [3], [2, 5], [3, 4], [4, 5], [11], [10], [2], [], [], []]","[[], [], [], [], [3], [7], [8], [4, 2, 3], [4, 3, 5], [3, 3, 6], [2, 3, 5], [3, 3, 2], [2, 3, 2], [2, 3, 3], [2, 2, 3], [2, 2, 4], [3, 1, 5], [3, 1, 4], [4, 4], [11], [11], [], [], [], []]",2,./mnist_nonograms\mnist_puzzle_1023.json
1027,3,"[[], [], [], [], [3], [10], [13], [14], [2, 5], [3], [3], [4], [7], [9], [9], [8], [7], [5], [5], [9], [9], [3], [], [], []]","[[], [], [], [], [1], [2], [3], [2, 3], [3, 2], [4, 3, 2], [4, 4, 2], [4, 8], [4, 8], [4, 7], [3, 8], [3, 7], [4, 4], [4, 4], [8], [7], [6], [], [], [], []]",2,./mnist_nonograms\mnist_puzzle_1027.json
103,7,"[[], [], [], [], [], [2], [5], [10], [12], [4, 3], [1, 4], [3], [9], [10], [7], [5], [3], [2], [3], [3], [3], [4], [2], [], []]","[[], [], [], [], [], [], [2], [3, 1], [3, 2, 3], [3, 2, 5], [2, 9], [2, 7], [2, 5], [3, 5], [9], [8], [6, 2], [4, 2], [2], [2], [1], [], [], [], []]",2,./mnist_nonograms\mnist_puzzle_103.json
1030,2,"[[], [], [], [2], [2], [2], [1], [1], [2], [2], [2], [1], [2], [2], [4], [2, 3], [1, 1, 2], [2, 1, 1], [2, 1, 2], [4, 1], [3], [], [], [], []]","[[], [], [], [], [], [], [], [], [4], [6], [2, 2], [1, 1, 2], [1, 5], [1, 4], [2, 5, 2], [6, 3], [2], [], [], [], [], [], [], [], []]",2,./mnist_nonograms\mnist_puzzle_1030.json
1038,0,"[[], [], [], [1], [3, 1], [2, 3], [3, 4], [2, 3], [3, 3], [2, 3], [3, 2], [3, 1], [2, 1], [3, 1], [2, 1], [2, 1], [2, 2], [4, 5], [14], [10], [5], [], [], [], []]","[[], [], [], [], [3], [8], [6, 3], [6, 3], [5, 3], [3, 2], [2, 3], [3], [3], [3], [2, 3], [3, 2], [3, 3], [3, 2], [3, 2], [3, 3], [4, 3], [2], [], [], []]",2,./mnist_nonograms\mnist_puzzle_1038.json
1042,9,"[[], [], [], [], [], [], [4], [9], [2, 4], [2, 5], [8], [2], [3], [2], [2], [2], [1], [1], [1], [2], [2], [2], [2], [1], []]","[[], [], [], [], [], [], [], [], [1], [4, 3], [4, 3], [2, 1, 3], [2, 1, 4], [2, 2, 4], [8], [6], [4], [3], [], [], [], [], [], [], []]",2,./mnist_nonograms\mnist_puzzle_1042.json
106,3,"[[], [], [], [], [5], [16], [17], [17], [16], [9], [5], [6], [11], [11], [9], [5], [4], [3, 5], [6, 8], [16], [14], [], [], [], []]","[[], [], [], [], [3, 1], [4, 3], [4, 4], [5, 2, 4], [5, 4, 3], [5, 4, 3], [10, 2], [11, 2], [10, 2], [5, 3, 3], [5, 3, 3], [5, 3, 3], [5, 4, 4], [5, 9], [5, 8], [4, 7], [3, 5], [], [], [], []]",2,./mnist_nonograms\mnist_puzzle_106.json
1072,6,"[[], [], [], [2], [1], [1], [1], [1], [1], [2], [2], [2], [2, 2, 1], [2, 1, 1], [2, 1, 1], [2, 1, 1], [3, 3], [3], [1], [1], [1], [], [], [], []]","[[], [], [], [], [], [], [], [], [4], [6], [3, 2], [4, 5], [2, 2, 1, 1], [1, 1, 1], [1, 1, 1], [1, 1], [1], [3], [], [], [], [], [], [], []]",1000,./mnist_nonograms\mnist_puzzle_1072.json
1073,5,"[[], [], [], [], [4], [6], [2], [2], [2], [2, 2], [7], [3, 2], [1], [1], [2], [2], [2], [2], [1, 1], [1, 2], [2, 3], [5], [], [], []]","[[], [], [], [], [], [1], [2], [1], [2], [4, 1], [6, 1], [3, 1, 1], [2, 2, 1], [2, 2, 1], [2, 2, 1], [2, 1, 2], [1, 9], [4], [], [], [], [], [], [], []]",4,./mnist_nonograms\mnist_puzzle_1073.json
1080,5,"[[], [], [], [], [3, 1], [11], [4, 6], [3, 1], [3], [4], [3], [10], [6, 3], [3, 4], [5], [5], [4], [4], [5], [5], [5], [7], [], [], []]","[[], [], [], [], [], [1], [2, 1], [5, 1], [8, 1], [9, 1], [6, 2, 2], [3, 2, 2], [2, 1, 2], [2, 1, 3], [2, 1, 4], [3, 9], [2, 8], [3, 7], [2, 4], [1, 2], [], [], [], [], []]",2,./mnist_nonograms\mnist_puzzle_1080.json
1082,1,"[[], [], [], [], [2], [2], [2], [2], [2], [2], [2], [3], [2], [1], [1], [1], [1], [2], [2], [2], [2], [], [], [], []]","[[], [], [], [], [], [], [], [], [], [2], [4], [4], [4], [4], [6], [5], [2], [], [], [], [], [], [], [], []]",2,./mnist_nonograms\mnist_puzzle_1082.json
1101,0,"[[], [], [], [], [], [1, 4], [9], [13], [14], [13], [5, 1, 3], [4, 2], [3, 2], [4, 3], [4, 2], [4, 3], [4, 5], [4, 6], [3, 9], [11], [6], [], [], [], []]","[[], [], [], [], [5], [8], [11], [11], [4, 2], [5, 3], [4, 3], [3, 3], [5, 2], [4, 2], [5, 3], [4, 3], [5, 3], [5, 3], [6, 3], [7, 5], [11], [2, 2], [], [], []]",2,./mnist_nonograms\mnist_puzzle_1101.json
1108,0,"[[], [], [], [], [5], [7], [2, 1, 2], [2, 1], [2, 2], [2, 2], [1, 1], [1, 2], [1, 1], [1, 1], [2, 1], [1, 1], [1, 1], [1, 2], [2, 1], [2, 3], [7], [], [], [], []]","[[], [], [], [], [], [], [], [1], [14], [6, 3], [2, 1], [3, 1], [2, 1], [2, 1], [1, 1], [2, 2], [1, 1], [2, 1], [2, 1], [3, 1], [7], [], [], [], []]",3,./mnist_nonograms\mnist_puzzle_1108.json
111,4,"[[], [], [], [], [2], [2], [3], [2, 1], [2, 3], [1, 2], [2, 2], [3, 3], [3, 2], [2, 3], [2, 2], [2, 5], [9], [5], [2], [1], [1], [], [], [], []]","[[], [], [], [], [], [], [], [5], [5], [2, 2], [2, 2], [4, 2], [3, 5], [3, 6], [3, 6], [1, 6, 2], [4, 1], [2, 1], [], [], [], [], [], [], []]",2,./mnist_nonograms\mnist_puzzle_111.json
1117,3,"[[], [], [], [], [4], [6], [1, 4, 3], [6, 3], [5, 3], [3, 3], [3], [3], [9], [10], [2], [3], [3], [3], [4], [3, 4], [10], [3], [], [], []]","[[], [], [], [], [], [1, 1], [3, 2], [4, 2], [3, 1], [3, 2, 2], [2, 2, 2], [3, 3, 2], [3, 4, 1], [2, 5, 2], [7, 2, 3], [6, 2, 3], [4, 2, 3], [7], [5], [2], [], [], [], [], []]",2,./mnist_nonograms\mnist_puzzle_1117.json
1132,8,"[[], [], [], [], [2], [6], [3, 1], [2, 2], [2, 2], [2, 2], [2, 2], [2, 2], [7], [3, 1], [2, 2], [1, 1], [1, 1], [2, 1], [1, 1], [2, 2], [3, 2], [2], [], [], []]","[[], [], [], [], [], [], [], [], [4, 1], [15], [3, 3, 2], [2, 2, 1], [2, 1, 1], [2, 1, 1], [1, 2, 1], [10, 2], [4, 6], [], [], [], [], [], [], [], []]",2,./mnist_nonograms\mnist_puzzle_1132.json
1137,5,"[[], [], [], [], [2], [5], [1], [1], [2], [2], [2], [6], [2], [2], [2], [2], [2], [1], [2], [2], [3], [2], [], [], []]","[[], [], [], [], [], [], [], [], [], [4], [8], [2, 1, 1], [1, 1, 1], [1, 1, 1], [1, 1, 2], [2, 3], [7], [3], [], [], [], [], [], [], []]",2,./mnist_nonograms\mnist_puzzle_1137.json
1159,5,"[[], [], [], [1], [2], [2], [2], [2], [2], [1], [1], [1], [5], [6], [1, 2], [2], [2], [2], [2], [2, 3], [4], [], [], [], []]","[[], [], [], [], [], [], [], [], [1], [3, 2], [2, 1], [4, 1], [2, 2, 2], [3, 2, 2], [4, 7], [3, 4], [], [], [], [], [], [], [], [], []]",4,./mnist_nonograms\mnist_puzzle_1159.json
1164,9,"[[], [], [], [], [], [], [3], [5], [3, 2], [2, 3], [8], [3, 4], [2, 2], [2], [2], [2], [1], [1], [1], [2], [2], [2], [2], [1], []]","[[], [], [], [], [], [], [], [], [1], [3, 3], [4, 4], [3, 3], [2, 2, 4], [3, 6], [2, 5], [6], [4], [], [], [], [], [], [], [], []]",2,./mnist_nonograms\mnist_puzzle_1164.json
1170,2,"[[], [], [], [], [], [], [], [], [8], [5, 1, 3], [2, 1], [1], [1], [10], [6, 1], [2, 2], [2, 3], [2, 2], [6], [], [], [], [], [], []]","[[], [], [], [], [1], [1], [1, 4], [1, 5], [2, 1, 1], [2, 1, 1], [2, 1, 1], [1, 2, 1], [1, 2, 1], [1, 1, 1], [1, 1, 1], [2, 1, 1], [1, 1], [1, 1, 1], [1, 1, 1], [1, 2], [1, 1], [2], [], [], []]",73,./mnist_nonograms\mnist_puzzle_1170.json
1172,2,"[[], [], [], [], [6], [1], [2], [2], [1], [1], [2], [1], [1], [], [1], [1], [1, 2], [6, 2], [2, 4], [2], [2], [], [], [], []]","[[], [], [], [], [], [], [], [], [], [1], [1, 4], [1, 7], [1, 3, 1], [1, 5, 2], [4, 2], [2], [1], [1], [2], [1], [], [], [], [], []]",3,./mnist_nonograms\mnist_puzzle_1172.json
1174,1,"[[], [], [], [], [2], [2], [2], [3], [2], [2], [2], [1], [1], [1], [1], [1], [1], [1], [1], [1], [2], [], [], [], []]","[[], [], [], [], [], [], [], [], [], [], [], [9], [4, 2], [4, 1], [3], [2], [1], [], [], [], [], [], [], [], []]",5,./mnist_nonograms\mnist_puzzle_1174.json
1177,3,"[[], [], [], [], [5], [2, 2], [2, 1], [1, 1], [2], [2], [3], [3], [3], [3], [1], [2], [2], [2], [3, 2], [11], [8], [], [], [], []]","[[], [], [], [], [], [], [2], [3], [2, 2], [1, 1, 2], [1, 3, 3], [2, 4, 2], [4, 1, 2], [1, 2], [2, 2], [2, 2], [3, 2], [6], [4], [], [], [], [], [], []]",2,./mnist_nonograms\mnist_puzzle_1177.json
1191,9,"[[], [], [], [], [], [4], [7], [3, 1], [3, 1], [2, 2], [2, 4], [8], [5], [3], [2], [2], [1], [1], [2], [3], [3], [3], [2], [], []]","[[], [], [], [], [], [], [], [2], [3], [1, 3], [3, 3], [5, 3], [2, 6], [3, 5], [2, 4], [1, 3], [2, 3], [2, 3], [3], [2], [], [], [], [], []]",2,./mnist_nonograms\mnist_puzzle_1191.json
1195,8,"[[], [], [], [], [2], [3], [1, 2], [5, 2], [7, 2], [3, 3], [2, 3], [2, 4], [3, 4], [6], [5], [5], [7], [4, 2], [4, 2], [9], [7], [], [], [], []]","[[], [], [], [], [], [], [3], [4], [4, 5], [5, 6], [3, 5, 2], [2, 5, 2], [3, 4, 2], [2, 9], [2, 3, 4], [2], [2], [2], [3], [4], [3], [3], [3], [2], []]",2,./mnist_nonograms\mnist_puzzle_1195.json
1204,0,"[[], [], [], [], [7], [9], [12], [13], [5, 4], [4, 4], [4, 3], [4, 3], [3, 3], [3, 3], [3, 3], [3, 4], [3, 5], [3, 8], [14], [12], [9], [], [], [], []]","[[], [], [], [], [6], [8], [12], [6, 4], [5, 4], [5, 3], [5, 3], [4, 3], [4, 3], [4, 4], [4, 4], [4, 4], [4, 5], [4, 5], [14], [11], [9], [], [], [], []]",2,./mnist_nonograms\mnist_puzzle_1204.json
1223,7,"[[], [], [], [], [], [3], [3, 2], [5, 1], [4, 1], [2, 2], [2], [2], [2], [2], [2], [2], [3], [2], [1], [1], [2], [3], [2], [], []]","[[], [], [], [], [], [], [], [3], [3, 1], [3, 2], [3, 2], [2, 3], [3], [3], [4], [3], [2], [1, 3], [2, 3], [3], [], [], [], [], []]",9,./mnist_nonograms\mnist_puzzle_1223.json
1227,8,"[[], [], [], [], [4], [7], [4, 2], [3, 2], [3, 3], [3, 4], [2, 3], [3, 4], [7], [5], [3], [4], [6], [3, 2], [3, 2], [2, 3], [2, 2], [4], [], [], []]","[[], [], [], [], [], [], [], [3], [4, 5], [6, 3, 1], [4, 3, 3, 1], [2, 5, 1], [2, 5, 2], [2, 9], [2, 2, 4], [2, 2], [2, 3], [2, 4], [7], [4], [], [], [], [], []]",2,./mnist_nonograms\mnist_puzzle_1227.json
1229,6,"[[], [], [1], [1], [2], [2], [2], [2], [1], [1], [], [1], [6], [2, 3], [1, 2], [2, 2], [2, 2], [2, 2], [6], [2], [], [], [], [], []]","[[], [], [], [], [], [], [], [], [], [4], [7], [3, 2], [3, 1, 2], [2, 1, 1], [3, 2, 2], [2, 6], [2, 4], [], [], [], [], [], [], [], []]",2,./mnist_nonograms\mnist_puzzle_1229.json
1236,8,"[[], [], [], [], [4], [7], [4, 2], [3, 2], [2, 2], [1, 2], [2, 2], [2, 3], [5], [4], [4], [3], [2, 2], [2, 2], [2, 1], [2, 1], [1, 1], [3], [], [], []]","[[], [], [], [], [], [], [], [3], [3, 1], [5, 2, 1], [3, 7, 1], [2, 4], [2, 9], [2, 3, 2], [1, 1], [2, 1], [2, 2], [2, 3], [6], [3], [], [], [], [], []]",2,./mnist_nonograms\mnist_puzzle_1236.json
1248,3,"[[], [], [], [], [4], [8], [4, 3], [4, 2], [2], [2], [3], [7], [9], [3, 3], [2], [2], [2], [2], [2], [2, 3], [9], [3], [], [], []]","[[], [], [], [], [], [], [], [1, 2], [2, 2, 2], [3, 2, 2], [3, 3, 2], [2, 2, 2], [2, 2, 1], [2, 2, 1], [2, 2, 2], [3, 4, 3], [11, 3], [5, 5], [1], [], [], [], [], [], []]",2,./mnist_nonograms\mnist_puzzle_1248.json
1255,6,"[[], [], [2], [2], [1], [1], [2], [2], [2], [2], [3], [2], [2, 4], [2, 6], [2, 2, 2], [2, 2, 2], [2, 1, 2], [2, 5], [7], [4], [], [], [], [], []]","[[], [], [], [], [], [], [], [], [7], [11], [5, 3], [3, 2], [2, 6], [2, 3, 3], [1, 2, 2], [2, 2], [2, 2], [5], [3], [], [], [], [], [], []]",2,./mnist_nonograms\mnist_puzzle_1255.json
1259,9,"[[], [], [], [], [], [], [5], [3, 2], [3, 1, 1], [3, 1, 4], [2, 5], [2, 6], [5, 3], [2], [3], [2], [3], [2], [1], [1], [1], [2], [1], [1], []]","[[], [], [], [], [], [], [], [4], [5], [3, 1], [2, 1, 3], [2, 1, 3], [1, 1, 3], [1, 1, 1, 4], [2, 7], [9], [4], [3], [3], [], [], [], [], [], []]",6,./mnist_nonograms\mnist_puzzle_1259.json
1267,0,"[[], [], [], [], [], [], [3], [4], [4], [4], [2, 1], [2, 2], [2, 1], [2, 3], [2, 3], [1, 2], [2, 1], [2, 1], [2, 3], [5], [2], [], [], [], []]","[[], [], [], [], [], [2], [6], [2, 3], [2, 2], [1, 2], [1, 2], [2, 2], [2, 3], [1, 3], [2, 2], [2, 2], [1, 1], [2, 1], [1, 1], [2], [2], [1], [], [], []]",8,./mnist_nonograms\mnist_puzzle_1267.json
1276,7,"[[], [], [], [], [], [], [3], [14], [14], [12], [11], [3], [4], [5], [4], [4], [4], [3], [3], [4], [3], [4], [3], [2], []]","[[], [], [], [], [1], [3], [4], [5], [4], [4], [4, 3], [4, 5], [4, 10], [4, 10], [13], [10], [7], [4], [1], [], [], [], [], [], []]",2,./mnist_nonograms\mnist_puzzle_1276.json
1277,3,"[[], [], [], [], [7], [10], [3, 2], [1, 2], [3], [3], [3], [2], [2], [2], [2], [5], [3], [2], [4], [5], [6], [4], [], [], []]","[[], [], [], [], [1], [1], [1], [1], [1], [2, 1], [2, 3, 1], [2, 4, 1], [2, 1, 1, 2], [2, 2, 1, 2], [2, 2, 1, 2], [2, 3, 1, 2], [2, 2, 1, 2], [2, 2, 3], [4, 2], [2], [], [], [], [], []]",8,./mnist_nonograms\mnist_puzzle_1277.json
1283,6,"[[], [], [2], [3], [3], [3], [2], [1], [2], [3], [3], [3, 4], [2, 5, 2], [1, 4, 1], [1, 3, 1], [1, 3, 3], [1, 3, 3], [3, 3, 7], [12], [8], [], [], [], [], []]","[[], [], [], [], [5], [2, 3], [2, 3], [2, 2], [3, 3], [2, 5], [2, 5], [2, 3, 2], [2, 2, 3], [3, 3, 2], [2, 2, 2], [2, 2, 2], [2, 1, 1], [2, 2, 2], [1, 3], [2, 2], [5], [], [], [], []]",2,./mnist_nonograms\mnist_puzzle_1283.json
1309,5,"[[], [], [], [], [], [], [], [5], [9], [5], [1], [3], [3], [5], [4], [1], [2], [3], [7], [5], [], [], [], [], []]","[[], [], [], [], [], [1], [2], [2, 2], [2, 2], [4, 2], [1, 2, 3], [2, 2, 3], [1, 4], [2], [2], [2], [2], [1], [2], [2], [2], [2], [1], [], []]",2,./mnist_nonograms\mnist_puzzle_1309.json
131,5,"[[], [], [], [], [3], [12], [4], [5], [4], [4], [2], [2], [1], [2], [4], [4], [1, 4], [1, 2], [1, 2], [1, 2], [1, 4], [], [], [], []]","[[], [], [], [], [], [], [4], [3, 1], [3, 2], [2, 1], [3, 2], [4, 2], [4, 1], [4, 2, 1], [3, 1, 1], [1, 1, 2], [2, 5], [2, 2], [2], [1], [1], [1], [1], [1], []]",2,./mnist_nonograms\mnist_puzzle_131.json
1339,5,"[[], [], [], [], [], [1, 2], [9], [8], [5], [2], [1], [2], [3], [5], [7], [2, 3], [3], [3], [3], [4], [7], [], [], [], []]","[[], [], [], [], [], [], [], [], [1], [3, 1], [5, 1], [9, 1], [5, 2, 2], [3, 3, 3], [3, 7], [3, 6], [2, 2], [2], [2], [2], [2], [], [], [], []]",2,./mnist_nonograms\mnist_puzzle_1339.json
1340,7,"[[], [], [], [], [], [], [1], [1, 3], [3, 9], [14], [15], [6, 4], [3, 3], [3], [4], [4], [3], [3], [3], [2], [3], [3], [3], [2], []]","[[], [], [], [], [], [1], [3], [4], [4, 3], [5, 4], [4, 5], [3, 4], [2, 4], [3, 4], [3, 4], [3, 4], [7], [5], [4], [5], [4], [3], [], [], []]",2,./mnist_nonograms\mnist_puzzle_1340.json
135,2,"[[], [], [], [], [6], [8], [9], [5, 3], [3, 3], [2], [3], [4], [3], [3], [3], [4], [4, 2], [15], [16], [11, 2], [4], [], [], [], []]","[[], [], [], [], [], [], [2], [3], [4, 5], [4, 9], [4, 10], [3, 11], [8, 4], [8, 3], [5, 3], [2, 3], [3], [3], [3], [3], [3], [3], [3], [1], []]",2,./mnist_nonograms\mnist_puzzle_135.json
1352,4,"[[], [], [], [], [1], [2], [2, 1], [1, 2], [1, 1], [2, 2], [2, 1], [5, 2], [2, 1, 2], [1, 4], [3], [2], [2], [2], [2], [1], [], [1], [], [], []]","[[], [], [], [], [], [], [2], [2], [2], [3], [4, 1], [1, 1, 1], [2, 3], [6], [4], [3], [2], [3], [3], [3], [2], [], [], [], []]",2,./mnist_nonograms\mnist_puzzle_1352.json
1359,4,"[[], [], [], [], [], [], [], [4, 1], [4, 2], [4, 3], [5, 3], [4, 2], [14], [14], [12], [2], [2], [2], [2], [1], [1], [2], [2], [], []]","[[], [], [], [], [], [2], [2], [5], [6], [8], [8], [4, 3], [2, 3], [3], [3], [3], [3, 1], [14], [12, 1], [3], [], [], [], [], []]",2,./mnist_nonograms\mnist_puzzle_1359.json
1367,4,"[[], [], [], [], [], [1], [2], [1], [1], [2], [2, 1], [3, 2], [2, 2], [2, 7], [14], [3, 3], [2], [2], [2], [1], [1], [], [], [], []]","[[], [], [], [], [2], [4], [1, 2], [1, 2], [1, 1], [2, 1], [2, 1], [2, 1], [2, 2, 3], [2, 2, 2], [5], [4], [3], [3], [2], [1], [2], [], [], [], []]",20,./mnist_nonograms\mnist_puzzle_1367.json
1369,1,"[[], [], [], [], [1], [3], [3], [3], [2], [2], [3], [2], [2], [2], [2], [2], [2], [2], [2], [2], [2], [1], [], [], []]","[[], [], [], [], [], [], [], [], [], [], [], [], [17], [17], [3, 1], [], [], [], [], [], [], [], [], [], []]",2,./mnist_nonograms\mnist_puzzle_1369.json
1390,3,"[[], [], [], [], [3], [7], [5], [3], [2], [3], [3], [1], [1], [1], [1], [], [1], [2], [2], [1, 2], [1, 2], [4], [], [], []]","[[], [], [], [], [], [], [2], [1], [1], [2, 1], [2, 1], [2, 3], [1, 2, 2, 1], [1, 2, 4], [2, 2, 2], [2, 1], [3], [3], [2], [], [], [], [], [], []]",90,./mnist_nonograms\mnist_puzzle_1390.json
1391,6,"[[], [], [], [2], [2, 1], [3], [3], [2], [1], [], [1], [1], [7], [4, 2], [2, 1], [2, 2], [1, 2], [1, 2], [1, 2], [5], [3], [], [], [], []]","[[], [], [], [], [], [], [], [], [], [7], [4, 2], [4, 2], [3, 2, 2], [3, 1, 2], [3, 1, 2], [2, 1, 2], [1, 2, 2], [2, 3], [], [], [], [], [], [], []]",2,./mnist_nonograms\mnist_puzzle_1391.json
1393,4,"[[], [], [], [], [2, 2], [3, 3], [3, 3], [3, 2], [3, 3], [3, 4], [4, 4], [4, 4], [4, 7], [11], [11], [5, 4], [1, 3], [3], [3], [3], [4], [2], [], [], []]","[[], [], [], [], [], [], [3], [7], [11], [12], [4, 4], [4], [4], [3, 1], [10], [1, 13], [17], [12], [1, 4], [], [], [], [], [], []]",2,./mnist_nonograms\mnist_puzzle_1393.json
1410,9,"[[], [], [], [], [], [2], [1, 2], [1, 1], [1, 1], [2, 1], [1, 1], [1, 2], [2, 3], [1, 3], [6], [2], [2], [1], [1], [2], [2], [2], [1], [], []]","[[], [], [], [], [], [], [], [], [1], [6], [2, 1], [2, 1], [1, 2, 3], [2, 11], [4, 6], [3], [], [], [], [], [], [], [], [], []]",2,./mnist_nonograms\mnist_puzzle_1410.json
1413,7,"[[], [], [], [], [], [], [], [1, 1], [11], [11], [1, 2], [1], [2], [2], [1], [1], [2], [2], [2], [1], [2], [2], [2], [1], [1]]","[[], [], [], [], [], [], [3], [2], [2], [2], [2], [2], [3, 5], [2, 7], [2, 7], [6], [4], [], [], [], [], [], [], [], []]",2,./mnist_nonograms\mnist_puzzle_1413.json
1418,9,"[[], [], [], [], [], [], [6], [2, 2], [3, 2], [2, 4], [2, 3], [1, 3], [2, 2, 2], [2, 1, 1], [5, 2], [1], [2], [2], [1], [2], [1], [2], [2], [1], []]","[[], [], [], [], [], [2], [3], [2, 1], [2, 1, 2], [2, 1, 2], [1, 1, 1], [2, 1, 2], [2, 1, 3], [1, 1, 2], [1, 3], [1, 4], [1, 4], [2, 3], [4], [2], [], [], [], [], []]",40,./mnist_nonograms\mnist_puzzle_1418.json
1419,7,"[[], [], [], [], [], [], [], [5], [3, 8], [7, 3], [5, 2], [4, 2], [2], [1], [2], [1], [2], [3], [2], [1], [1], [1], [2], [2], [1]]","[[], [], [], [], [], [1], [2], [3], [4], [3, 1], [3, 3], [1, 2], [2, 4], [2, 3], [1, 4], [2, 3], [2, 2], [5], [4], [3], [], [], [], [], []]",4,./mnist_nonograms\mnist_puzzle_1419.json
1420,7,"[[], [], [], [], [], [2], [2], [2, 3], [6], [3], [2], [1], [3], [2], [2], [2], [2], [1], [1], [1], [1], [2], [1], [], []]","[[], [], [], [], [], [], [], [], [], [1], [2, 2], [2, 3], [2, 5], [1, 5], [2, 2], [6], [4], [2], [], [], [], [], [], [], []]",2,./mnist_nonograms\mnist_puzzle_1420.json
1422,3,"[[], [], [], [], [6], [4, 2], [2, 1], [2, 2], [1, 2], [1], [1], [1], [3, 5], [3], [1], [1], [1], [1, 2], [1, 2], [2, 2], [2, 3], [3], [], [], []]","[[], [], [], [], [], [2], [2], [2, 2], [1, 1, 1], [2, 1, 2], [2, 1, 1], [1, 1, 1], [1, 1, 1], [1, 2, 1], [2, 2, 1], [3, 1, 1], [1, 1], [1, 2], [2, 2], [1, 2], [5], [], [], [], []]",115,./mnist_nonograms\mnist_puzzle_1422.json
1429,6,"[[], [], [1], [2], [2], [2], [2], [2], [1], [1], [2], [2], [4, 3], [4, 2], [3, 2], [3, 1], [3, 2], [2, 3], [2, 6], [4, 2], [], [], [], [], []]","[[], [], [], [], [], [], [], [], [5], [7], [7, 2], [5, 1], [3, 1, 2], [3, 2], [2, 2], [2, 1, 3], [2, 1, 4], [5, 1], [2], [], [], [], [], [], []]",2,./mnist_nonograms\mnist_puzzle_1429.json
1432,4,"[[], [], [], [], [], [], [], [1], [1], [2, 2], [1, 2], [1, 2], [1, 1, 2], [1, 6], [6], [2], [2], [1], [1], [1], [1], [1], [], [], []]","[[], [], [], [], [], [], [], [], [2], [1, 1], [2, 1], [3, 1], [1], [9], [7], [3, 1], [1, 1], [1], [1], [1], [1], [], [], [], []]",25,./mnist_nonograms\mnist_puzzle_1432.json
1440,8,"[[], [], [], [], [2], [5], [6], [3, 4], [2, 3], [2, 3], [2, 2], [2, 2], [3], [2], [2], [3], [1, 2], [2, 1], [2, 2], [2, 3], [5], [2], [], [], []]","[[], [], [], [], [], [], [], [], [], [2], [5, 5], [5, 3, 2], [3, 4, 2], [2, 5, 3], [9, 5], [8], [5], [2], [], [], [], [], [], [], []]",2,./mnist_nonograms\mnist_puzzle_1440.json
1443,5,"[[], [], [], [], [8], [5], [2], [1], [1], [2], [6], [8], [3, 2], [1, 2], [2], [1, 2], [1, 2], [1, 2], [2, 2], [4, 3], [8], [], [], [], []]","[[], [], [], [], [], [2], [3], [1, 2], [2, 1, 2], [2, 1], [4, 1], [4, 1], [3, 2, 1], [3, 2, 2], [2, 2, 3], [2, 10], [2, 7], [1], [1], [1], [1], [], [], [], []]",4,./mnist_nonograms\mnist_puzzle_1443.json
1444,3,"[[], [], [], [], [], [5], [7], [4, 2], [2, 3], [3], [4], [3], [11], [6, 3], [3, 3], [2], [3], [3], [3], [3], [2], [4], [4], [], []]","[[], [], [], [], [1], [1], [2, 2], [3, 2], [3, 1], [1, 2, 1], [2, 2, 1], [2, 3, 2], [3, 3, 2], [3, 3, 3], [2, 2, 1, 3], [2, 3, 6], [5, 5], [3, 3], [], [], [], [], [], [], []]",2,./mnist_nonograms\mnist_puzzle_1444.json
1452,0,"[[], [], [], [], [3], [7], [3, 3], [3, 2], [3, 2], [2, 2], [2, 2], [2, 1], [2, 1], [2, 1], [2, 1], [2, 1], [2, 2], [3, 4], [4, 5], [10], [5], [], [], [], []]","[[], [], [], [], [4], [8], [4, 3], [3, 3], [3, 2], [3, 2], [2, 2], [2, 2], [2, 2], [2, 2], [2, 3], [2, 2], [2, 2], [2, 2], [2, 2], [2, 2], [2, 3], [3], [], [], []]",5,./mnist_nonograms\mnist_puzzle_1452.json
1459,2,"[[], [], [], [4], [1, 2], [1, 1], [1], [1], [2], [1], [2], [1], [2], [7], [5, 4], [2, 2, 2], [2, 2, 1], [1, 2, 1], [3, 2, 1], [5, 2], [1], [], [], [], []]","[[], [], [], [], [], [3], [2, 2], [2, 2, 2], [1, 1], [1, 2, 1], [1, 2, 2], [1, 2, 2], [1, 1, 2], [1, 2], [1, 3], [2, 3], [3, 3, 1], [3, 2], [2], [3], [2], [], [], [], []]",2,./mnist_nonograms\mnist_puzzle_1459.json
1473,8,"[[], [], [], [], [3], [4], [4], [3], [2], [2, 2], [2, 2], [2, 2], [4], [3], [4], [2, 2], [2, 1], [2, 2], [1, 2], [1, 2], [4], [2], [], [], []]","[[], [], [], [], [], [], [], [], [], [], [5, 7], [11, 2], [2, 3, 2], [3, 4, 4], [3, 1, 5], [3, 2], [2, 2], [1], [], [], [], [], [], [], []]",4,./mnist_nonograms\mnist_puzzle_1473.json
1480,2,"[[], [], [], [3], [4, 2], [2, 2], [2, 2], [2], [2], [2], [2], [1], [2], [2], [1], [3, 2], [10], [6, 5], [6, 4], [3, 3], [1], [], [], [], []]","[[], [], [], [], [1], [3], [4], [1, 5], [3, 4], [2, 4], [1, 2], [2, 2], [1, 4], [1, 2, 2], [1, 1, 2], [8, 2], [6, 2], [2], [2], [2], [2], [], [], [], []]",4,./mnist_nonograms\mnist_puzzle_1480.json
1483,0,"[[], [], [], [], [4], [10], [13], [15], [11, 2], [4, 2, 2], [3, 1], [2, 1], [1, 1], [1, 2], [1, 3], [1, 4], [1, 6], [4, 6], [15], [13], [11], [], [], [], []]","[[], [], [], [], [10], [4, 4], [4, 4], [3, 4], [3, 3], [4, 3], [5, 3], [5, 3], [5, 3], [5, 3], [5, 4], [5, 5], [3, 4], [3, 5], [3, 5], [4, 5], [11], [], [], [], []]",2,./mnist_nonograms\mnist_puzzle_1483.json
1485,9,"[[], [], [], [], [], [], [5], [9], [4, 2], [4, 3], [3, 4], [3, 4], [9], [8], [3], [3], [3], [2], [2], [2], [2], [3], [3], [3], []]","[[], [], [], [], [], [], [], [3], [5], [7, 3], [3, 2, 3], [2, 2, 5], [2, 2, 5], [2, 7], [2, 5], [2, 5], [8], [5], [3], [1], [], [], [], [], []]",2,./mnist_nonograms\mnist_puzzle_1485.json
1490,8,"[[], [], [], [], [6], [9], [10], [4, 2], [4, 1], [3, 1], [4, 2], [3, 2], [4], [3], [3], [3], [5], [2, 3], [2, 3], [2, 3], [6], [3], [], [], []]","[[], [], [], [], [], [], [], [], [2], [12], [15], [6, 5, 1], [4, 1, 2, 2], [4, 1, 6], [3, 2, 5], [3, 1, 3], [3, 1], [3], [5], [3], [], [], [], [], []]",4,./mnist_nonograms\mnist_puzzle_1490.json
1495,4,"[[], [], [], [], [], [1], [3], [2], [2], [1, 3], [2, 3], [3, 3], [2, 2], [3, 2], [6], [1], [1], [2], [2], [2], [2], [], [], [], []]","[[], [], [], [], [], [], [2], [3, 1], [1, 2, 2], [2, 1, 2], [2, 1, 2], [1, 4], [2], [2], [1], [1], [2], [3], [2], [2], [2], [2], [2], [1], []]",31,./mnist_nonograms\mnist_puzzle_1495.json
1502,7,"[[], [], [], [], [], [1, 4], [8], [1, 2], [2], [2], [3], [3], [10], [2], [1], [1], [1], [2], [2], [2], [2], [3], [3], [], []]","[[], [], [], [], [], [], [], [], [2], [2, 1, 3], [1, 1, 6], [2, 1, 5], [1, 4], [2, 4], [2, 4], [6, 1], [4, 1], [1], [1], [], [], [], [], [], []]",2,./mnist_nonograms\mnist_puzzle_1502.json
1514,5,"[[], [], [], [], [], [4], [7], [1, 8], [1, 7], [3, 4], [6], [2], [3], [2], [2], [2], [2], [3, 2], [10], [10], [9], [], [], [], []]","[[], [], [], [], [1], [3], [4], [4], [4], [3], [4, 3], [7, 3], [2, 9], [1, 7], [4, 1], [5], [4], [4], [4], [4], [4], [3], [], [], []]",2,./mnist_nonograms\mnist_puzzle_1514.json
1522,0,"[[], [], [], [], [5], [7], [3, 3], [3, 3], [3, 3], [3, 2], [3, 3], [3, 3], [2, 3], [2, 3], [3, 3], [3, 3], [3, 3], [3, 4], [3, 4], [10], [7], [], [], [], []]","[[], [], [], [], [], [], [2], [12], [15], [7, 5], [4, 2], [2, 2], [2, 2], [2, 2], [3, 3], [3, 3], [3, 4], [4, 4], [10], [6], [4], [], [], [], []]",2,./mnist_nonograms\mnist_puzzle_1522.json
1555,5,"[[], [], [], [], [], [3], [11], [8], [1], [1], [1], [2], [2], [3], [1], [], [], [], [1], [2, 1], [2, 2], [], [], [], []]","[[], [], [], [], [], [2], [2], [1], [], [2], [3, 1], [3, 2, 2], [3], [2], [2], [2], [2], [2], [2], [2], [2], [2], [2], [], []]",2,./mnist_nonograms\mnist_puzzle_1555.json
1557,7,"[[], [], [], [], [], [2], [1, 3], [9], [8], [4, 3], [4, 3], [3, 3], [3], [3], [2], [2], [2], [2], [2], [2], [2], [4], [2], [], []]","[[], [], [], [], [], [], [], [2], [3, 1], [5, 2], [5, 4], [3, 6], [2, 7], [2, 6], [7], [6], [5], [3], [], [], [], [], [], [], []]",2,./mnist_nonograms\mnist_puzzle_1557.json
1558,2,"[[], [], [], [], [7], [4, 3], [3, 2], [1, 2], [2], [2], [1], [1], [2], [2], [6], [8], [4, 4], [3, 5], [3, 2, 2], [3, 2], [2, 5], [], [], [], []]","[[], [], [], [], [1], [3], [4], [1, 3], [3, 2, 1], [3, 2, 1], [2, 2, 1], [2, 2, 1], [1, 2, 2], [1, 2, 2], [2, 5], [3, 4], [5, 6], [7, 2], [2], [1], [], [], [], [], []]",2,./mnist_nonograms\mnist_puzzle_1558.json
1559,8,"[[], [], [], [], [4], [7], [5, 2], [2, 2], [2, 2], [1, 3], [1, 3], [1, 3], [7], [7], [5], [6], [3, 2], [3, 1], [2, 1], [2, 2], [1, 3], [3], [], [], []]","[[], [], [], [], [], [], [4], [4, 1], [1, 3, 1], [5, 1], [4, 1], [8, 1], [3, 4, 2], [2, 8], [2, 2, 1], [3, 1], [3, 1], [2, 2], [2, 3], [6], [5], [], [], [], []]",2,./mnist_nonograms\mnist_puzzle_1559.json
1575,6,"[[], [], [2], [4], [3], [4], [2], [3], [2], [3], [3], [3], [8], [9], [9], [9], [8], [7], [7], [5], [], [], [], [], []]","[[], [], [], [], [], [], [], [], [4], [10], [12], [13], [3, 8], [3, 8], [2, 8], [2, 7], [1, 4], [1], [1], [2], [2], [], [], [], []]",2,./mnist_nonograms\mnist_puzzle_1575.json
1576,2,"[[], [], [], [], [], [], [], [], [7], [5, 2], [2, 2], [1], [1], [1], [12], [12, 1], [1, 2], [1, 1], [4], [], [], [], [], [], []]","[[], [], [], [], [1], [2, 2], [1, 1, 1], [1, 1, 1], [1, 1, 1], [2, 1, 1], [1, 2, 1], [1, 2, 1], [1, 3], [1, 3], [1, 2], [1, 2], [2], [1, 1], [1, 2], [1, 1, 1], [2, 2], [1], [], [], []]",8,./mnist_nonograms\mnist_puzzle_1576.json
1584,7,"[[], [], [], [], [], [], [], [10], [1, 2], [1], [2], [1], [2], [2], [1], [1], [1], [1], [2], [1], [1], [1], [1], [2], [1]]","[[], [], [], [], [2], [1], [1], [1], [1], [1], [1], [1], [1, 2], [2, 2], [1, 1], [2, 3], [9], [2], [], [], [], [], [], [], []]",6,./mnist_nonograms\mnist_puzzle_1584.json
1588,9,"[[], [], [], [], [], [5], [1, 1], [2, 1], [2], [2, 1], [2, 1], [1, 3], [1, 3], [1, 3], [1, 4], [2, 4], [6, 2], [1], [1], [1], [2], [1], [1], [], []]","[[], [], [], [], [], [], [4], [2, 2], [2, 1], [2, 1], [2, 1], [1, 1], [1, 2], [1, 1, 3], [1, 7], [1, 5], [1, 4], [3, 6], [1], [], [], [], [], [], []]",10,./mnist_nonograms\mnist_puzzle_1588.json
1589,8,"[[], [], [], [], [1], [4], [2, 2], [3, 2, 4], [2, 2, 3], [3, 5], [3, 4], [8], [5], [1, 2], [1, 3], [1, 2], [1, 2], [1, 2], [1, 2], [1, 2], [1, 2], [2], [], [], []]","[[], [], [], [], [], [], [], [3], [5], [6], [3, 1], [1, 1, 6], [11, 1], [8, 1], [4, 1], [3, 3, 3], [3, 8], [2, 4], [1], [1], [], [], [], [], []]",2,./mnist_nonograms\mnist_puzzle_1589.json
1599,2,"[[], [], [], [], [6, 3], [4, 2], [3, 2], [2], [1], [1], [1], [2], [2, 1, 2], [2, 1, 2], [1, 1, 1], [1, 2, 2], [1, 2, 2], [2, 2, 2], [2, 3], [1, 3], [5, 3], [], [], [], []]","[[], [], [], [], [1], [2, 2], [2, 6], [2, 2, 1], [2, 1, 1], [1, 1, 1], [1, 1, 1], [1], [1, 1, 1], [5, 2], [6], [1, 2], [1, 3], [2, 3], [3, 5], [8], [], [], [], [], []]",3,./mnist_nonograms\mnist_puzzle_1599.json
1604,6,"[[], [], [2], [3], [2], [2], [3], [2], [2], [2], [3], [2], [8], [9], [5, 3], [3, 2], [4, 3], [8], [7], [4], [], [], [], [], []]","[[], [], [], [], [], [], [], [], [], [5], [10], [13], [6, 1, 3, 4], [5, 3, 3], [2, 2, 3], [3, 4], [7], [5], [], [], [], [], [], [], []]",2,./mnist_nonograms\mnist_puzzle_1604.json
161,2,"[[], [], [], [], [6], [7], [3, 5], [1, 3], [3], [2], [3], [2], [2], [7, 2], [17], [18], [17], [9], [6], [1], [], [], [], [], []]","[[], [], [], [], [], [2], [4, 4], [3, 6], [3, 6], [2, 6], [3, 7], [3, 6], [3, 6], [3, 5], [5, 4], [9], [7], [3], [3], [3], [3], [3], [2], [], []]",2,./mnist_nonograms\mnist_puzzle_161.json
1612,9,"[[], [], [], [], [], [3], [5], [2, 2], [2, 1], [2, 1], [1, 1], [1, 1], [2, 1], [1, 2], [6], [3], [2], [2], [1], [1], [2], [1], [1], [], []]","[[], [], [], [], [], [], [], [], [], [5], [3, 3], [2, 1], [2, 2, 3], [2, 7], [2, 5], [2, 2], [3, 1], [2], [], [], [], [], [], [], []]",3,./mnist_nonograms\mnist_puzzle_1612.json
1620,9,"[[], [], [], [], [], [3], [6], [8], [3, 3], [3, 3], [3, 3], [4, 4], [4, 5], [3, 5], [9], [6], [2], [3], [2], [3], [2], [1], [1], [], []]","[[], [], [], [], [], [], [], [2], [6], [7], [9], [3, 2], [3, 2, 4], [3, 3, 4], [3, 8], [2, 7], [9], [7], [5], [], [], [], [], [], []]",2,./mnist_nonograms\mnist_puzzle_1620.json
1622,8,"[[], [], [], [], [], [4], [8], [11], [14], [7, 8], [5, 7], [13], [8], [6], [7], [3, 3], [3, 2], [3, 3], [3, 3], [2, 3], [8], [4], [3], [], []]","[[], [], [], [], [], [], [2], [5], [6], [7, 5], [15], [4, 10], [5, 4, 3], [4, 4, 3], [11, 3], [17], [6, 6], [5, 4], [4], [4], [3], [1], [], [], []]",2,./mnist_nonograms\mnist_puzzle_1622.json
1626,4,"[[], [], [], [], [2], [3], [2, 2], [2, 3], [2, 2], [2, 2], [3, 3], [3, 3], [3, 2], [3, 3], [5, 5], [12], [6, 3], [2], [2], [3], [3], [2], [], [], []]","[[], [], [], [], [4], [10], [10], [3], [3], [3], [2], [2], [3], [2], [3], [11], [14], [7, 1, 3], [4, 1], [2], [], [], [], [], []]",2,./mnist_nonograms\mnist_puzzle_1626.json
1632,3,"[[], [], [], [], [4], [7], [2], [2], [2], [2], [1], [2], [2], [2], [2], [2], [2], [2], [2], [1, 2], [1, 2], [1], [], [], []]","[[], [], [], [], [], [], [], [], [], [1], [2, 1, 2], [2, 1, 1], [2, 2, 1, 1], [2, 2, 3, 3], [4, 7], [3, 3], [], [], [], [], [], [], [], [], []]",2,./mnist_nonograms\mnist_puzzle_1632.json
1635,5,"[[], [], [], [], [6], [9], [9], [3], [5], [6], [3], [4], [3], [2], [2], [2], [2], [1, 2], [2, 3], [3, 3], [7], [2], [], [], []]","[[], [], [], [], [], [], [], [2, 3], [4, 3], [5, 2], [2, 2, 2], [3, 2, 2], [3, 3, 1], [3, 3, 3], [3, 3, 3], [3, 9], [3, 6], [1], [], [], [], [], [], [], []]",2,./mnist_nonograms\mnist_puzzle_1635.json
1637,5,"[[], [], [], [], [], [], [], [], [], [], [12], [3], [2], [2], [2], [1], [1], [2, 2], [4], [], [], [], [], [], []]","[[], [], [], [], [], [], [1], [2, 1], [4, 1], [2, 1, 1], [1, 2], [1, 2], [1], [1], [1], [1], [1], [1], [1], [1], [1], [1], [1], [1], []]",27,./mnist_nonograms\mnist_puzzle_1637.json
165,7,"[[], [], [], [], [], [2], [5], [9], [5, 3], [3, 3], [3, 2], [2, 2], [2], [3], [2], [3], [2], [1], [2], [1], [4], [3], [2], [], []]","[[], [], [], [], [], [], [], [2], [4], [4, 2], [3, 3], [2, 4], [2, 4, 1], [2, 4, 1], [2, 4], [8], [7], [5], [], [], [], [], [], [], []]",2,./mnist_nonograms\mnist_puzzle_165.json
1653,6,"[[], [], [2], [2], [1], [2], [2], [1], [2], [1], [1], [1], [1], [3], [2, 2], [2, 1], [2, 1], [1, 2], [4], [3], [], [], [], [], []]","[[], [], [], [], [], [], [], [], [], [5], [4, 2], [3, 2], [2, 1, 2], [2, 1, 1], [3, 3], [2], [4], [2], [], [], [], [], [], [], []]",5,./mnist_nonograms\mnist_puzzle_1653.json
1656,1,"[[], [], [], [], [2], [2], [3], [3], [4], [5], [5], [2], [2], [3], [3], [2], [4], [6], [6], [5], [4], [], [], [], []]","[[], [], [], [], [], [], [], [], [], [2], [3, 2], [5, 4], [17], [17], [2, 5], [4], [], [], [], [], [], [], [], [], []]",2,./mnist_nonograms\mnist_puzzle_1656.json
1663,2,"[[], [], [], [2], [3], [5], [6], [8], [4, 3], [2, 4], [3], [4], [3], [4], [3], [3, 2], [8], [14], [14], [14], [2], [], [], [], []]","[[], [], [], [], [], [], [3], [5], [2, 6], [6, 5], [7, 4], [6, 4], [3, 7], [5, 9], [9, 3], [7, 3], [3, 3], [3], [3], [3], [2], [], [], [], []]",2,./mnist_nonograms\mnist_puzzle_1663.json
1676,7,"[[], [], [], [], [], [], [], [6], [15], [15], [15], [4], [11], [11], [7], [4], [3], [4], [4], [3], [4], [3], [], [], []]","[[], [], [], [], [3], [3], [3], [3], [3], [3, 1], [3, 3, 1], [3, 3, 5], [4, 10], [4, 10], [12], [9], [8], [7], [3, 2], [2], [1], [], [], [], []]",2,./mnist_nonograms\mnist_puzzle_1676.json
1678,8,"[[], [], [], [], [3], [3], [4], [4], [2], [2, 1], [8], [8], [3], [5], [2, 2], [2, 2], [3, 3], [2, 2], [2, 2], [2, 2], [3, 2], [1], [], [], []]","[[], [], [], [], [], [], [], [], [], [5], [7], [5, 4, 1], [10, 1], [4, 5, 1], [2, 11], [2, 7], [2, 1], [3], [2], [2], [], [], [], [], []]",2,./mnist_nonograms\mnist_puzzle_1678.json
1684,7,"[[], [], [], [], [], [], [5], [9], [3, 2], [1, 3], [3], [3], [2], [3], [2], [3], [3], [2], [2], [2], [1], [1], [1], [2], []]","[[], [], [], [], [], [], [], [1], [3], [2], [2], [2, 3], [2, 5, 1], [2, 5], [2, 4], [9], [7], [3], [], [], [], [], [], [], []]",2,./mnist_nonograms\mnist_puzzle_1684.json
1698,8,"[[], [], [], [], [6], [10], [10], [3, 2], [2, 2], [3, 2], [4, 3], [3, 3], [4], [3], [4], [5], [2, 3], [3, 2], [2, 2], [3, 2], [3, 3], [4], [], [], []]","[[], [], [], [], [], [], [], [], [5, 1], [7, 4], [3, 3, 7], [2, 8, 2], [3, 4, 1], [3, 6, 2], [3, 3, 7], [3, 3, 5], [7], [5], [1], [], [], [], [], [], []]",2,./mnist_nonograms\mnist_puzzle_1698.json
1702,9,"[[], [], [], [], [], [], [2, 1], [6], [7], [2, 2], [3, 3], [2, 3], [2, 4], [2, 4], [5, 2], [3, 2], [2], [1], [1], [1], [2], [2], [2], [2], []]","[[], [], [], [], [], [], [], [3], [5, 2], [2, 2, 3], [2, 2, 2], [2, 1, 2], [1, 2, 4], [2, 5], [2, 4], [3, 4], [6], [4], [3], [], [], [], [], [], []]",2,./mnist_nonograms\mnist_puzzle_1702.json
1712,5,"[[], [], [], [], [], [], [], [], [4], [13], [4], [1], [2], [6], [2], [2], [2], [7], [], [], [], [], [], [], []]","[[], [], [], [], [], [], [2, 1], [2, 1], [1, 1, 1], [2, 1, 1], [2, 1, 1], [2, 2, 1], [1, 4], [1, 2], [1], [1], [1], [1], [1], [2], [2], [2], [2], [], []]",2,./mnist_nonograms\mnist_puzzle_1712.json
1724,2,"[[], [], [], [3], [4, 3], [2, 2], [1, 2], [2], [3], [2], [3], [2], [2], [3], [3, 3], [8], [2, 6], [2, 6], [11], [6, 7], [3, 4], [], [], [], []]","[[], [], [], [], [], [2], [5], [6], [2, 3], [6], [2, 6], [2, 4], [1, 6], [1, 7], [1, 8], [1, 4, 3], [1, 4, 2], [8, 2], [5, 2], [1], [], [], [], [], []]",6,./mnist_nonograms\mnist_puzzle_1724.json
1729,9,"[[], [], [], [], [], [2], [3], [6], [6], [3], [3, 1], [1, 2], [2], [3], [4, 1], [], [2], [1], [1], [2], [2], [1], [2], [], []]","[[], [], [], [], [], [], [], [2], [2], [4, 1], [3, 1], [3, 1], [4, 1], [4, 1], [2, 4], [1, 5], [1, 1], [4], [3], [], [], [], [], [], []]",3,./mnist_nonograms\mnist_puzzle_1729.json
1731,4,"[[], [], [], [], [1, 1], [1, 1], [1, 1], [1, 1], [2, 2], [1, 2], [1, 2], [2, 2], [2, 2, 3], [3, 4], [1, 2], [2], [2], [2], [2], [1], [2], [2], [], [], []]","[[], [], [], [], [], [1], [3], [3], [2], [2], [3, 1], [2, 1], [1, 2], [1, 5], [7], [9], [7], [2], [], [], [], [], [], [], []]",55,./mnist_nonograms\mnist_puzzle_1731.json
1741,2,"[[], [], [], [3], [8], [4, 3], [3, 2], [3, 3], [3], [3], [4], [4], [5], [4], [5, 3], [6, 4], [6, 5], [6, 5], [4, 8], [3, 4], [1, 3], [], [], [], []]","[[], [], [], [], [2], [5], [5], [5], [5], [2, 7], [3, 9], [3, 4, 3], [2, 2, 3], [2, 3, 3], [1, 3, 2], [1, 4, 3], [2, 4, 3], [6, 3], [5, 3], [2, 3], [2], [], [], [], []]",2,./mnist_nonograms\mnist_puzzle_1741.json
1750,8,"[[], [], [], [], [5], [8], [7], [5], [2], [2, 2], [2, 2], [2, 2], [2, 3], [5], [4, 1], [4, 1], [5, 1], [3, 2], [3, 1], [9], [8], [], [], [], []]","[[], [], [], [], [], [1], [2], [3], [4], [4, 5], [11, 2], [3, 4, 2], [2, 5, 2], [3, 9], [3, 2], [2, 1], [2, 2], [3, 3, 1], [2, 1, 2], [2], [2], [1], [], [], []]",4,./mnist_nonograms\mnist_puzzle_1750.json
1759,0,"[[], [], [], [], [1], [1, 3], [9], [12], [5, 7], [5, 5], [5, 3], [5, 3], [4, 3], [4, 2], [4, 3], [5, 3], [5, 5], [5, 7], [12], [9], [1], [], [], [], []]","[[], [], [], [], [5], [8], [10], [13], [6, 5], [6, 3], [5, 2], [3, 2], [3, 3], [5, 3], [4, 3], [3, 3], [4, 3], [3, 3], [5, 4], [10], [8], [1], [], [], []]",2,./mnist_nonograms\mnist_puzzle_1759.json
1765,4,"[[], [], [], [], [], [], [1], [2, 1, 1], [2, 2, 2], [3, 2], [3, 3], [2, 3], [5, 3], [9], [10], [2], [3], [3], [3], [2], [2], [1], [], [], []]","[[], [], [], [], [1], [2], [1], [2, 2], [4, 3], [2, 2, 4], [3, 2, 3], [2, 6], [2, 3], [2], [3], [3], [4], [2, 1], [2, 1], [3, 1], [3, 1], [], [], [], []]",2,./mnist_nonograms\mnist_puzzle_1765.json
1784,9,"[[], [], [], [], [], [], [5], [8], [3, 2], [3, 2], [2, 3], [2, 2], [8], [6], [2], [3], [2], [2], [1], [1], [2], [1], [2], [2], []]","[[], [], [], [], [], [], [], [], [3], [5], [3, 1, 2], [2, 2, 4], [2, 2, 4], [2, 2, 3], [2, 5], [2, 4], [2, 4], [5], [3], [], [], [], [], [], []]",2,./mnist_nonograms\mnist_puzzle_1784.json
1787,2,"[[], [], [], [], [3], [4], [6], [9], [9], [11], [11], [4, 4], [4, 1], [16], [17], [17], [16], [14], [4], [], [], [], [], [], []]","[[], [], [], [], [], [2], [5, 3], [5, 5], [6, 6], [7, 6], [7, 6], [7, 6], [14], [12], [11], [9], [5], [5], [5], [5], [5], [5], [3], [], []]",2,./mnist_nonograms\mnist_puzzle_1787.json
1790,3,"[[], [], [], [], [6], [10], [13], [3], [3], [3], [3], [1], [1], [1], [2], [1], [], [1, 1], [3, 1], [4, 2], [12], [], [], [], []]","[[], [], [], [], [3], [3], [3], [3], [3, 3], [3, 4], [2, 3], [2, 1, 2], [2, 1], [2, 2, 1], [5, 1], [5, 1], [4, 1], [1], [1], [2, 2], [2, 3], [], [], [], []]",2,./mnist_nonograms\mnist_puzzle_1790.json
1791,2,"[[], [], [], [2], [1], [2], [1], [2], [1], [2], [2], [2], [1], [1], [2], [3], [7], [4, 2], [3, 1], [3], [2], [], [], [], []]","[[], [], [], [], [], [], [], [], [], [1, 4], [1, 5], [4], [2, 3], [1, 3], [2, 4], [6, 1], [3, 2], [2], [], [], [], [], [], [], []]",2,./mnist_nonograms\mnist_puzzle_1791.json
1813,7,"[[], [], [], [], [], [], [], [1], [2, 5], [9], [3, 1], [2, 1], [1], [2], [1], [1], [1], [1], [2], [2], [2], [1], [1], [], []]","[[], [], [], [], [], [], [], [1], [3], [4], [3], [1], [2, 3], [2, 3], [2, 3], [2, 4], [6], [], [], [], [], [], [], [], []]",8,./mnist_nonograms\mnist_puzzle_1813.json
1814,9,"[[], [], [], [], [], [], [2, 2], [4, 2], [2, 1, 2], [2, 1, 2], [2, 3], [2, 3], [2, 3], [3, 5], [6, 2], [1, 1], [2], [2], [2], [1], [2], [2], [1], [1], []]","[[], [], [], [], [], [], [], [4], [6], [2, 2], [2, 2], [2, 1], [3, 2], [2], [2, 2, 4], [8, 6], [11], [5], [], [], [], [], [], [], []]",2,./mnist_nonograms\mnist_puzzle_1814.json
183,9,"[[], [], [], [], [], [2], [4], [4], [2, 1], [2, 1], [1, 3], [2, 4], [6], [2, 2], [1], [2], [3], [2], [2], [2], [1], [1], [], [], []]","[[], [], [], [], [], [], [], [], [], [1], [6], [2, 2], [2, 1, 6], [3, 2, 5], [3, 6], [3, 4], [3], [1], [], [], [], [], [], [], []]",4,./mnist_nonograms\mnist_puzzle_183.json
1839,2,"[[], [], [], [], [], [], [5], [9], [7, 3], [4, 3], [3], [4], [2], [3], [4], [11], [17], [4, 8], [2, 2], [], [], [], [], [], []]","[[], [], [], [], [], [2, 3], [2, 3], [2, 3], [3, 3], [2, 3], [2, 4], [3, 4], [2, 6], [2, 3, 2], [6, 2], [6, 3], [3, 3], [3], [2], [2], [3], [3], [1], [], []]",2,./mnist_nonograms\mnist_puzzle_1839.json
1849,8,"[[], [], [], [], [4], [8], [2, 2], [2, 2], [2, 1], [1, 2], [1, 2], [2, 2], [2], [3], [2, 3], [1, 2], [1, 1], [2], [1, 2], [1, 2], [2, 2], [4], [], [], []]","[[], [], [], [], [], [], [3], [1, 1], [1, 1], [3, 1, 1], [1, 1, 2, 1], [2, 2, 1], [2, 3], [2, 1, 1], [1, 1, 2, 1], [1, 2, 5], [2, 2, 3], [2, 1], [2, 2], [4], [2], [], [], [], []]",383,./mnist_nonograms\mnist_puzzle_1849.json
1862,5,"[[], [], [], [], [5], [3], [2], [2], [1], [2], [2], [1], [1], [1], [1], [1], [2], [3], [2], [2], [3], [], [], [], []]","[[], [], [], [], [], [], [], [], [], [4, 1], [2, 1, 1], [1, 1, 2], [2, 4], [2, 3], [2, 1], [2], [2], [1], [1], [1], [], [], [], [], []]",138,./mnist_nonograms\mnist_puzzle_1862.json
1869,8,"[[], [], [], [], [], [4, 2], [13], [7, 6], [5, 2, 2], [4, 1, 2], [3, 3], [2, 3], [3, 4], [3, 4], [3, 4], [8], [4], [5], [7], [3, 3], [2, 3], [8], [4], [], []]","[[], [], [], [], [], [4], [6, 3], [4, 4, 4], [3, 3, 3, 2], [3, 5, 2], [3, 4, 2], [3, 4, 2], [3, 8], [3, 3, 4], [2, 4, 2], [2, 3], [4, 2], [3, 2], [2, 2], [7], [6], [1], [], [], []]",2,./mnist_nonograms\mnist_puzzle_1869.json
1883,3,"[[], [], [], [], [3], [2], [1], [1], [1], [2], [1], [2], [2], [2], [1], [1], [2], [2], [2], [1, 2], [2, 3], [], [], [], []]","[[], [], [], [], [], [], [], [], [2], [1, 1], [1, 3], [1, 2, 1], [1, 1, 1], [2, 1, 1], [2, 2], [1, 2], [5], [2], [], [], [], [], [], [], []]",1000,./mnist_nonograms\mnist_puzzle_1883.json
19,5,"[[], [], [], [], [3], [10], [11], [9], [3], [4], [4, 7], [14], [6, 4], [3, 3], [3], [2], [2], [2], [4], [2, 6], [11], [2], [], [], []]","[[], [], [], [], [], [5], [7], [8], [7, 2], [3, 2, 2], [3, 3, 1], [3, 2, 1], [3, 2, 2], [3, 2, 2], [3, 2, 1], [2, 2, 2], [2, 2, 2], [3, 2, 3], [2, 4, 3], [1, 8], [8], [], [], [], []]",2,./mnist_nonograms\mnist_puzzle_19.json
1901,3,"[[], [], [], [], [2, 2], [2], [1], [1], [1, 1], [2], [1], [2], [2], [2], [1], [1, 1], [1, 1], [1, 1], [1, 2], [1, 1], [1, 2], [], [], [], []]","[[], [], [], [], [], [], [], [4], [1, 1], [1, 1, 1], [1], [2], [1, 2], [3, 1], [2, 1, 1], [2, 1], [3, 2], [3], [], [], [], [], [], [], []]",1000,./mnist_nonograms\mnist_puzzle_1901.json
1910,5,"[[], [], [], [], [], [], [], [], [4], [9], [10], [5], [4], [1], [1, 1], [1, 1], [7], [6], [4], [], [], [], [], [], []]","[[], [], [], [], [], [1], [4], [2], [1, 3], [1, 3], [2, 3], [3, 3], [2, 3], [3], [3], [2], [2], [2], [2], [3], [3], [2], [1], [], []]",2,./mnist_nonograms\mnist_puzzle_1910.json
1911,5,"[[], [], [], [], [5], [9], [2, 4, 2], [5, 2], [2, 1], [2], [3], [5], [11], [1, 4], [3], [3], [3], [3], [5], [5], [11], [], [], [], []]","[[], [], [], [], [1], [1], [1, 1], [4, 1], [5, 1], [7, 1], [2, 2, 1], [2, 2, 1], [3, 1, 2], [3, 1, 3], [2, 2, 3], [3, 3, 3], [2, 8], [2, 6], [2, 2], [4], [3], [], [], [], []]",2,./mnist_nonograms\mnist_puzzle_1911.json
1915,5,"[[], [], [], [], [], [], [], [], [10], [3], [1], [2], [4], [5], [3], [2], [1, 2], [9], [6], [], [], [], [], [], []]","[[], [], [], [], [], [2], [2], [2], [1, 2], [3, 2], [3, 2], [1, 2, 2], [1, 1, 1], [2, 2, 2], [2, 3], [1, 2], [1], [1], [1], [1], [1], [1], [1], [], []]",2,./mnist_nonograms\mnist_puzzle_1915.json
1917,4,"[[], [], [], [], [2], [1], [2], [1], [1, 2], [1, 1], [2, 2], [1, 2], [2, 1], [11], [7, 1], [2], [2], [1], [1], [], [1], [1], [], [], []]","[[], [], [], [], [], [], [], [2], [3], [2, 2], [2, 2, 1], [1, 2, 1], [6], [4], [3], [2, 1], [4, 2], [3, 1], [3], [1], [], [], [], [], []]",6,./mnist_nonograms\mnist_puzzle_1917.json
1922,6,"[[], [], [2], [1], [1], [1], [1], [2], [1], [1], [2], [1, 4], [4, 2], [1, 1, 2], [2, 1], [3, 2], [3, 1], [2, 1], [4], [2], [], [], [], [], []]","[[], [], [], [], [], [], [], [], [], [5], [8], [2, 2, 2], [3, 2, 1], [3, 1, 1], [1, 1, 1], [2, 1, 1], [1, 6], [4], [], [], [], [], [], [], []]",10,./mnist_nonograms\mnist_puzzle_1922.json
1929,2,"[[], [], [], [1], [1, 4], [1, 4], [3], [2], [2], [2], [2], [2], [3], [3], [3], [7], [9], [2, 7], [7, 7], [6], [3], [], [], [], []]","[[], [], [], [], [], [1], [4], [5], [2, 3], [1, 2, 3], [1, 5], [1, 5], [1, 3], [2, 6], [3, 7], [11, 2], [8, 2], [1], [1], [1], [], [], [], [], []]",4,./mnist_nonograms\mnist_puzzle_1929.json
1936,4,"[[], [], [], [], [], [1, 1], [3, 2], [3, 2], [3, 3], [2, 2], [3, 2, 3], [2, 2, 3], [3, 6], [12], [9], [3], [2], [2], [1], [2], [2], [2], [1], [], []]","[[], [], [], [], [2], [6], [5, 2], [4, 3], [2, 2], [2], [2], [2, 2], [9], [6, 2], [6], [5], [2], [2], [3], [4], [6], [3], [], [], []]",2,./mnist_nonograms\mnist_puzzle_1936.json
1942,4,"[[], [], [], [], [], [], [2], [3, 2], [3, 2], [3, 3], [3, 4], [4, 3], [13], [7], [3], [4], [3], [2], [2], [1], [2], [2], [2], [2], []]","[[], [], [], [], [], [], [1], [4], [6], [7], [2, 1, 3], [1, 6], [1, 4, 1], [6], [5], [4], [3], [4], [5], [3, 2], [4, 1], [1], [], [], []]",2,./mnist_nonograms\mnist_puzzle_1942.json
1948,9,"[[], [], [], [], [], [], [5], [7], [3, 4], [3, 3], [3, 3], [2, 3], [10], [8], [3], [2], [2], [1], [2], [3], [2], [2], [3], [1], []]","[[], [], [], [], [], [], [], [3, 1], [5, 3], [3, 2, 4], [2, 2, 3], [2, 2, 4], [2, 5], [2, 4], [2, 3], [2, 3], [3, 3], [5], [3], [2], [], [], [], [], []]",2,./mnist_nonograms\mnist_puzzle_1948.json
1950,9,"[[], [], [], [], [], [5], [8], [3, 2], [2, 3], [3, 4], [2, 4], [2, 5], [6, 3], [4, 2], [3], [3], [2], [1], [1], [2], [3], [3], [3], [], []]","[[], [], [], [], [], [], [], [2, 1], [4, 2], [2, 2, 3], [2, 2, 3], [3, 2, 3], [2, 1, 3], [2, 3], [2, 5], [2, 5], [2, 4], [2, 4], [7], [4], [], [], [], [], []]",2,./mnist_nonograms\mnist_puzzle_1950.json
1953,1,"[[], [], [], [], [3], [4], [4], [3], [4], [4], [4], [4], [3], [4], [3], [4], [3], [4], [4], [3], [3], [], [], [], []]","[[], [], [], [], [], [], [], [], [], [3], [6], [8], [9], [8, 1], [9], [8], [6], [3], [], [], [], [], [], [], []]",2,./mnist_nonograms\mnist_puzzle_1953.json
1957,0,"[[], [], [], [], [], [], [], [7], [10], [10, 1], [4, 3, 1], [4, 1], [2, 1], [2, 1], [3, 2], [3, 3], [3, 4], [10], [6], [], [], [], [], [], []]","[[], [], [], [], [4], [6], [8], [1, 2], [2, 2], [3, 2], [2, 2], [3, 2], [2, 1], [3, 2], [3, 1], [3, 1], [4, 1], [4, 1], [4, 1], [2, 2], [2, 2], [3], [], [], []]",2,./mnist_nonograms\mnist_puzzle_1957.json
196,1,"[[], [], [], [], [2], [2], [2], [1], [1], [1], [], [1], [1], [1], [1], [1], [2], [2], [2], [3], [3], [], [], [], []]","[[], [], [], [], [], [], [], [], [], [], [3], [6], [9], [5], [2], [1], [], [], [], [], [], [], [], [], []]",2,./mnist_nonograms\mnist_puzzle_196.json
1970,7,"[[], [], [], [], [], [], [2, 6], [11], [3, 2], [3, 2], [2], [2], [3], [3], [2], [2], [1], [1], [2], [3], [2], [1], [2], [1], []]","[[], [], [], [], [], [], [2], [2], [2, 1], [4, 2], [4, 2], [1, 1, 3], [2, 2], [2, 3], [2, 3], [2, 2], [2, 3], [6], [3], [], [], [], [], [], []]",2,./mnist_nonograms\mnist_puzzle_1970.json
1972,5,"[[], [], [], [], [], [], [10], [13], [11], [3], [3], [2], [3], [2], [2], [2], [1, 2], [1, 3], [2, 3], [9], [7], [], [], [], []]","[[], [], [], [], [3], [2], [2], [2], [3, 2], [5, 2], [4, 1, 2], [3, 1, 2], [3, 2, 4], [3, 7], [3, 5], [3], [3], [3], [3], [3], [2], [1], [], [], []]",2,./mnist_nonograms\mnist_puzzle_1972.json
198,1,"[[], [], [], [], [2], [2], [2], [3], [2], [3], [2], [3], [1], [1], [1], [2], [2], [2], [3], [2], [2], [1], [], [], []]","[[], [], [], [], [], [], [], [2], [3], [3], [4], [3], [3], [3], [5], [5], [4], [1], [], [], [], [], [], [], []]",2,./mnist_nonograms\mnist_puzzle_198.json
1981,5,"[[], [], [], [], [], [], [8], [10], [6], [5], [2], [1], [1, 9], [1, 3, 1], [5, 1], [3, 1], [1, 1], [1, 2], [2], [3], [3], [2], [], [], []]","[[], [], [], [], [1], [2], [2, 4], [8], [3, 2], [2, 1], [2, 2], [1, 1], [2, 2, 1], [2, 1, 1], [2, 1, 1], [2, 1, 1], [2, 1, 2], [2, 1, 1], [2, 1, 2], [1, 1, 2], [1, 2], [3], [], [], []]",11,./mnist_nonograms\mnist_puzzle_1981.json
1984,9,"[[], [], [], [], [], [3], [5], [2, 1], [1, 1], [2, 3], [2, 2], [2, 3], [2, 3], [3, 4], [6], [2, 2], [2], [2], [1], [1], [1], [3], [2], [], []]","[[], [], [], [], [], [], [], [], [2], [5, 2], [3, 3, 2], [2, 2, 2], [2, 2, 4], [3, 6], [2, 4], [2, 3], [2, 3], [4], [1], [], [], [], [], [], []]",2,./mnist_nonograms\mnist_puzzle_1984.json
199,9,"[[], [], [], [], [], [5], [8], [3, 2], [3, 2], [3, 3], [3, 3], [3, 4], [10], [8], [3], [3], [2], [1], [2], [2], [3], [4], [3], [], []]","[[], [], [], [], [], [], [], [3, 2], [5, 2], [6, 3], [3, 2, 3], [2, 2, 3], [2, 7], [1, 5], [2, 5], [2, 3], [2, 3], [2, 3], [6], [4], [], [], [], [], []]",2,./mnist_nonograms\mnist_puzzle_199.json
1990,7,"[[], [], [], [], [], [4], [5], [1, 2], [1, 2], [1, 2], [1, 2], [1, 2], [1, 2], [2], [2], [2], [1], [1], [1], [1], [2], [2], [2], [], []]","[[], [], [], [], [], [], [], [], [1], [1, 2], [2, 3], [2, 3], [2, 4], [2, 4], [2, 4], [7], [4], [], [], [], [], [], [], [], []]",89,./mnist_nonograms\mnist_puzzle_1990.json
1998,0,"[[], [], [], [], [6], [8], [9], [9], [12], [6, 5], [5, 5], [5, 6], [5, 5], [6, 5], [5, 5], [5, 5], [5, 5], [5, 5], [15], [13], [11], [], [], [], []]","[[], [], [], [], [], [6], [8], [10], [13], [13], [9, 3], [8, 3], [7, 3], [6, 3], [5, 3], [8, 3], [17], [16], [14], [11], [7], [], [], [], []]",2,./mnist_nonograms\mnist_puzzle_1998.json
1999,9,"[[], [], [], [], [], [4], [6], [3, 4], [3, 5], [3, 5], [4, 6], [11], [9], [7], [4], [4], [3], [2], [3], [3], [3], [4], [3], [], []]","[[], [], [], [], [], [], [], [], [3, 2], [5, 3], [6, 4], [7, 4], [3, 9], [3, 8], [2, 7], [2, 7], [8], [6], [5], [4], [1], [], [], [], []]",2,./mnist_nonograms\mnist_puzzle_1999.json
207,1,"[[], [], [], [], [1], [2], [2], [2], [2], [2], [2], [2], [2], [2], [2], [2], [2], [2], [2], [3], [2], [1], [], [], []]","[[], [], [], [], [], [], [], [], [], [], [], [], [17], [17], [1], [], [], [], [], [], [], [], [], [], []]",2,./mnist_nonograms\mnist_puzzle_207.json
22,6,"[[], [], [], [2], [3], [3], [2], [1], [1], [2], [2, 4], [2, 6], [2, 1, 2], [3, 1, 2], [2, 1, 2], [2, 1, 2], [2, 2, 3], [2, 5], [2, 3], [6], [4], [], [], [], []]","[[], [], [], [], [], [], [2], [7], [4, 3], [3, 2], [3, 2], [3, 5, 2], [3, 1, 4], [3, 1, 2], [2, 2, 3], [1, 2, 3], [1, 2, 4], [1, 5], [2], [], [], [], [], [], []]",10,./mnist_nonograms\mnist_puzzle_22.json
223,9,"[[], [], [], [], [], [6], [5, 3], [3, 2], [4, 1], [3], [3, 2], [2, 3], [2, 5], [2, 5], [2, 3, 2], [7, 3], [3, 2], [2], [2, 1], [3, 1], [2, 1], [4], [2], [], []]","[[], [], [], [], [2], [6], [3, 3], [3, 2], [2, 2], [2, 1], [3, 2], [2, 2], [2, 3], [2, 2, 3], [2, 2, 8], [1, 1, 9, 2], [3, 6, 1], [3, 2], [1, 1], [2], [], [], [], [], []]",2,./mnist_nonograms\mnist_puzzle_223.json
224,4,"[[], [], [], [], [], [2], [1], [2, 2], [2, 2], [1, 2], [2, 2], [2, 2], [2, 2], [3, 2], [3], [1], [1], [1], [], [], [], [1], [], [], []]","[[], [], [], [], [], [], [], [], [4], [2, 4], [1, 2], [2, 1], [4], [3], [4], [4], [3], [3], [1], [], [], [], [], [], []]",4,./mnist_nonograms\mnist_puzzle_224.json
225,6,"[[], [], [], [1], [1], [2], [1], [2], [1], [1], [2, 1], [2, 4], [1, 2, 2], [1, 1, 2], [1, 1, 1], [2, 1, 1], [2, 1, 1], [2, 1, 2], [7], [4], [], [], [], [], []]","[[], [], [], [], [], [], [], [], [7], [5, 3], [3, 2], [3, 2], [2], [5, 2], [1, 3], [1, 1], [1, 2], [2, 1], [1, 1], [4], [2], [], [], [], []]",4,./mnist_nonograms\mnist_puzzle_225.json
233,9,"[[], [], [], [], [], [], [4], [8], [2, 1, 4], [2, 2, 1, 2], [2, 1, 2], [2, 2], [3, 2], [6], [2], [3], [3], [3], [2], [2], [3], [3], [2], [1], []]","[[], [], [], [], [], [], [4], [5], [2, 1], [4, 1], [2, 2, 2], [2, 1], [3, 1], [2, 1, 1], [11, 3], [16], [6], [], [], [], [], [], [], [], []]",2,./mnist_nonograms\mnist_puzzle_233.json
253,9,"[[], [], [], [], [], [], [5], [6], [8], [3, 2], [3, 3], [2, 2], [3, 4], [9], [7], [5], [2], [2], [2], [2], [1], [2], [1], [1], []]","[[], [], [], [], [], [], [], [], [4], [6], [3, 3], [3, 3, 3], [3, 3, 5], [3, 8], [3, 5], [10], [8], [1, 1], [], [], [], [], [], [], []]",2,./mnist_nonograms\mnist_puzzle_253.json
254,5,"[[], [], [], [], [12], [12], [10], [6], [5], [3], [9], [11], [4, 2], [5, 2], [2, 2], [2], [2], [3], [3], [4, 4], [11], [4], [], [], []]","[[], [], [], [], [], [1], [4], [5, 1], [5, 3, 2], [11, 2], [10, 2], [10, 3], [3, 2, 2], [3, 2, 2], [3, 2, 2], [3, 2, 1], [2, 2, 2], [1, 2, 3], [1, 4], [9], [6], [], [], [], []]",4,./mnist_nonograms\mnist_puzzle_254.json
256,8,"[[], [], [], [], [4], [7], [3, 5], [2, 2], [2, 1], [2, 2], [1, 3], [1, 2], [3], [2], [3], [3], [3], [2, 2], [2, 1], [3, 2], [3, 2], [3], [], [], []]","[[], [], [], [], [], [], [], [], [5], [6], [5, 3, 3], [4, 4, 1], [2, 3, 1], [3, 1, 1, 1], [2, 1, 4], [3, 2, 1], [3, 1], [2, 2], [2, 1], [3], [1], [], [], [], []]",10,./mnist_nonograms\mnist_puzzle_256.json
258,5,"[[], [], [], [2], [2], [2], [2], [1], [2], [2], [2], [2], [2], [2], [2], [2], [1], [1], [2], [8], [5], [], [], [], []]","[[], [], [], [], [], [], [], [], [1], [2, 1], [4, 2], [2, 1, 2], [2, 2, 2], [2, 2, 2], [2, 2, 2], [1, 5], [1, 1], [1], [], [], [], [], [], [], []]",7,./mnist_nonograms\mnist_puzzle_258.json
263,8,"[[], [], [], [], [], [4], [3], [2, 2], [1, 2], [1, 2], [2, 2], [2, 2], [2, 2], [1, 2], [1, 1], [4], [3], [3], [3], [1, 1], [3], [], [], [], []]","[[], [], [], [], [], [], [], [], [4], [2, 4], [2, 6], [2, 5, 1], [3, 1, 2], [2, 2], [2, 1], [1, 1], [1, 1], [1, 1], [1], [1], [2], [1], [1], [1], []]",379,./mnist_nonograms\mnist_puzzle_263.json
265,1,"[[], [], [], [], [1], [2], [1], [2], [3], [2], [2], [2], [1], [1], [], [1], [1], [1], [2], [2], [2], [2], [], [], []]","[[], [], [], [], [], [], [], [], [], [2], [4], [5], [3], [4], [4], [4], [2], [], [], [], [], [], [], [], []]",2,./mnist_nonograms\mnist_puzzle_265.json
268,5,"[[], [], [], [], [], [], [], [], [3], [13], [12], [6], [4], [6], [3], [2], [3], [1, 3], [6], [5], [2], [], [], [], []]","[[], [], [], [], [], [], [3], [3], [3, 3], [3, 2], [4, 3], [6, 3], [4, 5], [4, 4], [3], [2], [2], [2], [2], [2], [2], [2], [1], [1], []]",2,./mnist_nonograms\mnist_puzzle_268.json
277,2,"[[], [], [1], [2], [2], [1], [1], [1], [1], [1], [2], [1], [4], [1, 1], [2, 1], [1, 3], [1, 1, 1], [1, 1, 1], [3, 2, 1], [1, 4], [], [], [], [], []]","[[], [], [], [], [], [], [], [], [5], [3, 2], [1, 2], [1, 2], [2, 4], [2, 2, 1], [7, 1], [2], [2], [1], [1], [1], [1], [], [], [], []]",26,./mnist_nonograms\mnist_puzzle_277.json
290,6,"[[], [], [2], [1], [2], [1], [1], [2], [2], [2, 3], [2, 2, 2], [2, 2, 1], [1, 1, 1], [2, 1, 1], [2, 1, 1], [2, 1], [2, 2], [2, 2], [6], [4], [], [], [], [], []]","[[], [], [], [], [], [], [], [], [8], [3, 9], [1, 5], [2], [2], [2], [4, 2], [2, 2], [2, 1], [1, 2], [2, 2], [2, 3], [2], [], [], [], []]",2,./mnist_nonograms\mnist_puzzle_290.json
291,1,"[[], [], [], [], [1], [2], [2], [1], [1], [1], [2], [2], [2], [1], [2], [2], [2], [2], [2], [2], [2], [1], [], [], []]","[[], [], [], [], [], [], [], [], [], [], [], [3], [16], [3, 8], [], [], [], [], [], [], [], [], [], [], []]",2,./mnist_nonograms\mnist_puzzle_291.json
299,8,"[[], [], [], [], [4], [6], [2, 2], [1, 1], [2, 2], [2, 2], [1, 2], [2, 2], [2, 2], [4], [4], [2], [2], [2], [2], [3], [4], [3], [], [], []]","[[], [], [], [], [], [], [], [], [], [2], [7, 2], [4, 9], [2, 9], [2, 3, 2], [2, 1], [2, 1], [3, 4], [6], [], [], [], [], [], [], []]",2,./mnist_nonograms\mnist_puzzle_299.json
306,5,"[[], [], [], [], [2], [4], [7], [9], [6], [3], [2], [9], [3, 3], [2, 2], [2], [2], [2], [2], [1, 2], [2, 3], [3, 3], [6], [], [], []]","[[], [], [], [], [2], [2, 2], [2, 2], [4, 1], [5, 2], [3, 1, 1], [2, 1, 1], [2, 1, 1], [2, 1, 1], [2, 1, 1], [2, 1], [2, 1], [2, 1, 2], [2, 2, 4], [2, 8], [3, 3], [2], [], [], [], []]",4,./mnist_nonograms\mnist_puzzle_306.json
339,4,"[[], [], [], [], [2], [1, 2], [2, 1], [1, 1], [1, 2], [2, 2], [2, 3], [2, 3], [2, 4], [2, 5], [2, 6], [7, 2], [4, 2], [2], [3], [3], [3], [], [], [], []]","[[], [], [], [], [], [1, 7], [12], [2], [2], [2], [1], [2], [2], [2], [3], [9], [13], [9, 3], [2, 2], [], [], [], [], [], []]",2,./mnist_nonograms\mnist_puzzle_339.json
35,5,"[[], [], [], [], [2], [3], [3], [3], [1], [1], [2], [1], [2], [1], [1], [2], [2], [2], [2], [2], [1], [2], [], [], []]","[[], [], [], [], [], [], [], [], [], [], [3, 1], [2, 2, 1], [2, 2, 2], [2, 5], [4, 3], [3], [1], [], [], [], [], [], [], [], []]",2,./mnist_nonograms\mnist_puzzle_35.json
350,3,"[[], [], [], [], [5], [7], [3, 4], [4], [4], [4], [5], [9], [7], [4], [5], [4], [3], [3], [2, 3], [2, 3], [3, 5], [1, 1], [], [], []]","[[], [], [], [], [], [2], [3, 1], [3, 2], [2, 2, 2], [2, 2, 1], [3, 2, 1], [3, 2, 1], [3, 5, 1], [10, 2], [11, 1], [4, 8], [3, 7], [2], [], [], [], [], [], [], []]",8,./mnist_nonograms\mnist_puzzle_350.json
353,2,"[[], [], [], [6], [11], [6], [3], [3], [3], [3], [3], [4], [3], [4], [4], [4], [13], [15], [15], [12], [4], [], [], [], []]","[[], [], [], [], [], [1], [2, 4], [2, 5], [2, 6], [2, 7], [2, 7], [3, 7], [2, 4, 4], [2, 4, 4], [9, 4], [8, 4], [5, 4], [4], [3], [3], [2], [], [], [], []]",2,./mnist_nonograms\mnist_puzzle_353.json
36,1,"[[], [], [], [], [2], [2], [2], [2], [2], [2], [2], [2], [2], [2], [2], [2], [2], [2], [2], [1], [1], [], [], [], []]","[[], [], [], [], [], [], [], [], [], [], [], [], [14], [15], [3], [], [], [], [], [], [], [], [], [], []]",2,./mnist_nonograms\mnist_puzzle_36.json
37,9,"[[], [], [], [], [3], [6], [6], [3, 1], [2], [2, 1], [2, 3], [2, 5], [4, 3], [2], [2], [2], [2], [2], [2], [2], [3], [4], [], [], []]","[[], [], [], [], [], [], [], [5], [7], [4, 3], [3, 1], [3, 1, 1], [3, 2, 1], [2, 1], [3, 2], [3, 2], [10], [7], [], [], [], [], [], [], []]",2,./mnist_nonograms\mnist_puzzle_37.json
378,2,"[[], [], [], [], [7], [4, 4], [2, 3], [3], [2], [2], [2], [3], [3], [7], [11], [4, 7], [5, 3], [3, 3], [3, 2], [4, 2], [3, 3], [], [], [], []]","[[], [], [], [], [1], [5], [5], [6], [2], [1, 3, 1], [2, 2, 1], [3, 1, 2], [2, 2, 3], [1, 6], [1, 5], [2, 5], [4, 5], [12], [7, 3], [2], [], [], [], [], []]",2,./mnist_nonograms\mnist_puzzle_378.json
379,4,"[[], [], [], [], [], [2], [2], [3], [2, 4], [2, 5], [3, 5], [2, 5], [9], [8], [6], [2], [2], [2], [2], [1], [1], [1], [1], [], []]","[[], [], [], [], [], [3], [4], [4], [2], [3], [3], [3], [11], [11], [10], [8], [5], [3], [], [], [], [], [], [], []]",2,./mnist_nonograms\mnist_puzzle_379.json
399,4,"[[], [], [], [], [2], [2], [2], [1, 2], [2, 2], [1, 2], [2, 1], [2, 2], [1, 2, 2], [2, 7], [11], [8], [1], [1], [1], [], [], [1], [], [], []]","[[], [], [], [], [], [], [3], [4], [1, 2], [2, 2], [3, 2], [2, 2, 1], [6], [4], [4], [5, 2], [6, 2], [3, 2], [2], [], [], [], [], [], []]",2,./mnist_nonograms\mnist_puzzle_399.json
411,0,"[[], [], [], [], [], [], [1], [6], [3, 3], [2, 1], [3, 2], [2, 1], [3, 1], [3, 1], [2, 2], [3, 5], [16], [12], [], [], [], [], [], [], []]","[[], [], [], [], [2], [5], [6], [2, 2], [2, 2], [2, 2], [2, 2], [4, 2], [3, 2], [2, 2], [1, 2], [2, 2], [2, 3], [1, 2], [2], [2, 3], [2, 2], [2], [], [], []]",2,./mnist_nonograms\mnist_puzzle_411.json
412,6,"[[], [], [2], [4], [1], [1], [2], [2], [2], [2], [1], [2, 4], [2, 1, 2], [2, 1, 1], [4, 2], [3, 2], [3, 1], [3, 2], [7], [5], [], [], [], [], []]","[[], [], [], [], [], [], [], [], [4], [9], [4, 3], [3, 5], [2, 1, 2], [2, 1, 3], [2, 1, 2], [1, 1, 2], [1, 2], [2], [1, 2], [6], [2], [], [], [], []]",4,./mnist_nonograms\mnist_puzzle_412.json
414,9,"[[], [], [], [], [], [], [5], [8], [11], [4, 5], [3, 6], [3, 6], [5, 4], [3], [3], [3], [3], [2], [2], [2], [3], [3], [3], [1], []]","[[], [], [], [], [], [], [2], [4], [5], [3, 1, 2], [3, 1, 4], [3, 1, 4], [3, 1, 6], [3, 9], [11], [9], [6], [4], [3], [], [], [], [], [], []]",2,./mnist_nonograms\mnist_puzzle_414.json
416,4,"[[], [], [], [], [], [2], [1, 2], [2, 2], [1, 2], [2, 2], [2, 2], [2, 1], [1, 1], [2, 3], [7], [2, 1], [2], [2], [1], [1], [], [1], [], [], []]","[[], [], [], [], [], [], [], [1], [5], [3, 2], [3, 2], [2, 1, 1], [2, 4], [5], [3], [3], [4], [4], [2], [], [], [], [], [], []]",2,./mnist_nonograms\mnist_puzzle_416.json
433,4,"[[], [], [], [], [2], [2], [1, 1], [1, 2], [2], [1, 2], [1, 2, 1], [2, 1, 1], [2, 1, 1], [1, 2, 1], [2, 4], [8], [2, 1], [1, 1], [1], [2], [1], [], [], [], []]","[[], [], [], [], [], [], [], [3], [3], [4], [2, 1, 2], [3, 5], [2, 3], [4], [2, 2], [3, 1], [3, 1], [4, 1], [2, 1], [1], [], [], [], [], []]",19,./mnist_nonograms\mnist_puzzle_433.json
444,7,"[[], [], [], [], [], [], [12], [15], [2], [2], [3], [3], [3], [3], [3], [2], [1], [1], [2], [2], [2], [3], [3], [2], []]","[[], [], [], [], [2], [3], [1, 2], [1, 1], [2, 1], [2, 2], [2, 2], [2, 2], [2, 2], [2, 2], [2, 2], [2, 3], [2, 2], [2, 2], [2, 2], [6], [4], [], [], [], []]",6,./mnist_nonograms\mnist_puzzle_444.json
448,6,"[[], [], [2], [4], [1], [1], [2], [2], [2], [2], [2], [2], [1, 6], [2, 2, 2], [2, 1, 2], [2, 1, 3], [4, 3], [4, 4], [8], [5], [], [], [], [], []]","[[], [], [], [], [], [], [], [3], [10], [4, 4], [3, 4], [3, 6], [1, 1, 2], [1, 2, 3], [2, 1, 2], [2, 1, 3], [1, 1, 3], [5], [4], [], [], [], [], [], []]",3,./mnist_nonograms\mnist_puzzle_448.json
45,6,"[[], [], [], [1], [2], [3], [3], [2], [2], [2], [2], [1], [1], [3], [4], [4], [2, 2], [2, 2], [4], [3], [2], [], [], [], []]","[[], [], [], [], [], [], [], [], [], [3], [8], [4, 3], [3, 7], [5, 4], [4], [3], [3], [], [], [], [], [], [], [], []]",2,./mnist_nonograms\mnist_puzzle_45.json
457,7,"[[], [], [], [], [], [], [], [1, 3], [3, 13], [17], [8, 2], [2], [2], [2], [3], [3], [3], [3], [2], [2], [2], [2], [2], [2], [2]]","[[], [], [], [3], [3], [3], [2], [2], [3], [3], [3], [3], [2, 5], [2, 8], [2, 5], [2, 4], [2, 5], [8], [5], [3], [1], [], [], [], []]",2,./mnist_nonograms\mnist_puzzle_457.json
459,7,"[[], [], [], [], [], [], [], [5, 4], [14], [5, 3], [3], [2], [3], [2], [3], [2], [2], [2], [1], [1], [1], [2], [2], [2], [1]]","[[], [], [], [], [1], [2], [2], [3], [3], [2, 2], [2, 3], [2, 3], [1, 4], [2, 4], [2, 4], [2, 3], [6], [4], [3], [], [], [], [], [], []]",4,./mnist_nonograms\mnist_puzzle_459.json
476,6,"[[], [], [2], [2], [1], [1], [1], [2], [2], [2], [2], [2], [1, 6], [1, 4, 1], [1, 3, 1], [4, 2], [3, 1], [2, 3], [7], [4], [], [], [], [], []]","[[], [], [], [], [], [], [], [], [], [7], [5, 3], [5, 5], [1, 3, 2], [2, 3, 2], [2, 2, 2], [2, 2], [1, 2], [1, 2], [6], [1], [], [], [], [], []]",2,./mnist_nonograms\mnist_puzzle_476.json
490,5,"[[], [], [], [], [], [], [], [], [9], [2], [1], [1], [5], [2], [2], [1, 2], [3, 2], [9], [6], [], [], [], [], [], []]","[[], [], [], [], [1], [2], [2], [2], [2], [2], [1, 2], [2, 2], [2, 1, 2], [2, 1, 2], [1, 6], [1, 3], [1], [1], [1], [1], [1], [1], [], [], []]",2,./mnist_nonograms\mnist_puzzle_490.json
502,5,"[[], [], [], [], [3], [2], [1], [1], [2], [2], [1], [1], [1], [1], [3], [2], [1], [1], [2], [3], [5], [], [], [], []]","[[], [], [], [], [], [], [], [], [], [1], [4, 1], [3, 1, 1], [2, 2, 1], [2, 1, 2], [1, 2, 1], [1, 1, 2], [3], [], [], [], [], [], [], [], []]",5,./mnist_nonograms\mnist_puzzle_502.json
504,9,"[[], [], [], [], [], [], [3], [6], [9], [3, 1], [2], [2, 1], [2, 5], [10], [6, 2], [3, 2], [1], [2], [1], [1], [1], [1], [1], [], []]","[[], [], [], [], [], [], [], [], [4], [7], [3, 3], [2, 3], [2, 2, 2], [2, 3, 1], [2, 2, 3], [3, 6], [3, 4], [3, 3], [2], [], [], [], [], [], []]",2,./mnist_nonograms\mnist_puzzle_504.json
511,8,"[[], [], [], [], [6], [9], [2, 1], [2], [1], [2], [1, 3], [1, 3], [4], [3], [2], [4], [5], [3, 2], [3, 1], [2, 2], [3, 2], [3], [], [], []]","[[], [], [], [], [], [], [1], [5], [6], [4, 1], [2, 2], [2, 7], [3, 8], [2, 2], [2, 2], [2, 2], [2, 2], [2, 3], [2, 2], [2], [1], [1], [], [], []]",3,./mnist_nonograms\mnist_puzzle_511.json
522,7,"[[], [], [], [], [], [], [4], [7], [2, 2], [2, 3], [3, 2], [3, 2], [3, 2], [3, 1], [3, 2], [1, 1], [2], [2], [1], [2], [1], [1], [2], [1], []]","[[], [], [], [], [], [], [], [], [2], [6, 2], [6, 2], [5, 2], [2, 3], [1, 2], [2, 3], [2, 3], [2, 4], [6], [3], [], [], [], [], [], []]",2,./mnist_nonograms\mnist_puzzle_522.json
527,4,"[[], [], [], [], [3], [2], [2], [2, 1], [2, 3], [2, 3], [2, 3], [2, 5], [7, 3], [4, 2], [2], [3], [3], [3], [3], [4], [3], [2], [], [], []]","[[], [], [], [], [], [1], [3], [5], [4, 2], [5, 2], [3, 1], [1, 1], [3], [1, 5], [1, 6], [9], [8], [5], [4], [1], [], [], [], [], []]",2,./mnist_nonograms\mnist_puzzle_527.json
534,6,"[[], [], [2], [2], [1], [1], [2], [2], [2], [2], [1], [2], [2, 3], [1, 5], [1, 2, 2], [1, 2, 2], [2, 1, 2], [3, 5], [7], [5], [], [], [], [], []]","[[], [], [], [], [], [], [], [], [7], [5, 3], [4, 2], [3, 2], [2, 3], [2, 5], [1, 2, 3], [2, 3], [2, 2], [2, 2], [4], [2], [], [], [], [], []]",2,./mnist_nonograms\mnist_puzzle_534.json
551,6,"[[], [], [2], [1], [2], [3], [2], [2], [1], [1], [1], [2], [2], [2], [2, 3], [2, 4], [2, 1, 1], [4, 2], [4], [2], [], [], [], [], []]","[[], [], [], [], [], [], [], [], [5], [7], [2, 3], [3, 4], [2, 1, 1], [2, 2, 1], [2, 4], [2, 2], [2], [2], [1], [], [], [], [], [], []]",4,./mnist_nonograms\mnist_puzzle_551.json
552,9,"[[], [], [], [], [], [5], [6], [2, 3], [2, 5], [3, 3], [3, 4], [2, 5], [9], [8], [3], [2], [2], [2], [2], [2], [3], [3], [2], [], []]","[[], [], [], [], [], [], [], [], [4, 2], [5, 3], [3, 2, 4], [4, 2, 5], [3, 6], [2, 4], [2, 1, 4], [9], [8], [5], [1, 2], [], [], [], [], [], []]",2,./mnist_nonograms\mnist_puzzle_552.json
573,1,"[[], [], [], [], [], [1], [2], [2], [2], [2], [1], [1], [1], [1], [1], [], [], [1], [1], [1], [1], [], [], [], []]","[[], [], [], [], [], [], [], [], [], [], [2], [2], [3], [6], [5], [], [], [], [], [], [], [], [], [], []]",2,./mnist_nonograms\mnist_puzzle_573.json
578,2,"[[], [], [1], [1], [2], [2], [1], [1], [1], [1], [1], [1], [1], [1], [2], [5], [1, 3], [2, 1, 1], [3, 2], [3], [], [], [], [], []]","[[], [], [], [], [], [], [], [], [2], [4], [1, 1], [1, 1], [2, 3], [2, 5], [8, 1], [1], [1], [2], [1], [1], [], [], [], [], []]",24,./mnist_nonograms\mnist_puzzle_578.json
599,1,"[[], [], [], [], [1], [1], [1], [1], [2], [2], [2], [2], [1], [1], [1], [1], [1], [2], [2], [2], [2], [], [], [], []]","[[], [], [], [], [], [], [], [], [], [], [], [3], [17], [4, 1], [], [], [], [], [], [], [], [], [], [], []]",2,./mnist_nonograms\mnist_puzzle_599.json
606,2,"[[], [], [], [1], [3, 2], [3, 2], [1, 2], [2], [2], [2], [2], [2], [2], [7], [4, 2], [2, 3], [2, 6], [1, 3, 3], [1, 3, 3, 1], [4, 6], [2], [], [], [], []]","[[], [], [], [], [4], [3, 1], [2, 2], [2, 2], [2, 2], [1, 2], [1, 2], [2, 4], [2, 4], [2, 2, 3], [1, 2, 3], [1, 2, 3], [3, 2], [6, 2], [4, 2], [1], [2], [], [], [], []]",4,./mnist_nonograms\mnist_puzzle_606.json
613,4,"[[], [], [], [], [2], [2], [2], [1, 2], [1, 2], [2, 2], [2, 2], [3, 2], [11], [8], [1, 2], [1], [], [1], [2], [2], [2], [2], [], [], []]","[[], [], [], [], [], [], [1], [3], [3, 1], [4, 2], [5, 3], [2, 2, 3], [1, 4], [3], [3], [4], [3, 1], [3, 1], [3], [2], [], [], [], [], []]",2,./mnist_nonograms\mnist_puzzle_613.json
617,5,"[[], [], [], [], [], [8], [11], [13], [4], [3], [4], [5], [3], [3], [9], [10], [1, 4], [2], [1, 2], [2, 3], [2, 3], [7], [2], [], []]","[[], [], [], [], [], [1], [2, 1], [4, 2], [6, 1], [5, 2, 1], [5, 2, 1], [5, 3, 1], [3, 2, 2], [2, 2, 2], [3, 2, 1], [3, 3, 2], [3, 2, 2], [3, 6], [3, 4], [3], [3], [3], [1], [], []]",4,./mnist_nonograms\mnist_puzzle_617.json
627,8,"[[], [], [], [], [2, 3], [3, 2], [2, 1], [2, 2], [2, 2], [2, 2], [2, 2], [2, 2, 3], [2, 2], [2, 2], [1, 1], [2, 1], [2, 2], [2, 1], [2, 1], [1, 2], [2, 3], [4], [], [], []]","[[], [], [], [], [], [], [6], [7, 4], [2, 9], [2, 3, 1], [1, 1], [1], [1, 1], [1, 2, 1], [1, 3, 1], [2, 2, 1], [4, 2], [1, 1], [1, 1], [2, 2], [4], [], [], [], []]",65,./mnist_nonograms\mnist_puzzle_627.json
628,8,"[[], [], [], [], [], [3], [6], [3, 1], [3, 1], [2, 2], [2, 2], [3, 2], [3], [3], [3], [1, 2], [2, 2], [1, 2], [1, 1], [2], [1, 1], [1, 2], [5], [], []]","[[], [], [], [], [], [], [], [], [3], [5, 1], [3, 1, 3, 1], [2, 6, 1], [2, 3, 1], [2, 6, 1], [2, 3, 2, 1], [4, 2, 2], [3, 1], [2], [], [], [], [], [], [], []]",7,./mnist_nonograms\mnist_puzzle_628.json
632,1,"[[], [], [], [], [1], [2], [2], [2], [2], [2], [2], [2], [2], [2], [1], [1], [2], [2], [3], [2], [2], [], [], [], []]","[[], [], [], [], [], [], [], [], [], [3], [5], [4], [3], [4], [5], [5], [3], [], [], [], [], [], [], [], []]",2,./mnist_nonograms\mnist_puzzle_632.json
643,1,"[[], [], [], [2], [3], [3], [3], [4], [5], [2, 2], [2], [2], [2], [2], [2], [5], [8], [8], [6], [5], [1], [], [], [], []]","[[], [], [], [], [], [], [], [], [], [2, 2], [3, 4], [4, 6], [16], [17], [2, 5], [4], [2], [], [], [], [], [], [], [], []]",2,./mnist_nonograms\mnist_puzzle_643.json
650,9,"[[], [], [], [], [], [4], [5], [7], [2, 3], [2, 2], [3, 2], [3, 4], [2, 6], [10], [4, 2], [3], [3], [2], [2], [1], [2], [4], [2], [], []]","[[], [], [], [], [], [], [], [2], [4, 2], [2, 2, 2], [3, 2, 2], [3, 2, 4], [2, 2, 3], [2, 2, 3], [3, 5], [3, 5], [3, 3], [8], [5], [1], [], [], [], [], []]",2,./mnist_nonograms\mnist_puzzle_650.json
653,8,"[[], [], [], [], [6], [4, 3], [1], [2], [2], [2, 1], [2, 3], [2, 3], [2], [3], [4], [2, 1], [2, 2], [1, 1], [1, 1], [2, 1], [1, 2], [2], [], [], []]","[[], [], [], [], [], [], [], [], [], [3, 5], [7, 4, 2], [1, 5, 1], [2, 3, 1], [2, 3, 1], [1, 1, 5], [1, 1], [2, 2], [2, 1], [1, 1], [1], [], [], [], [], []]",3,./mnist_nonograms\mnist_puzzle_653.json
654,5,"[[], [], [], [], [6], [8], [4], [3], [4], [4], [4], [2], [2], [3], [1], [2], [3], [1, 3], [2, 5], [11], [10], [], [], [], []]","[[], [], [], [], [], [], [2], [2, 3], [5, 2], [6, 2], [6, 2], [2, 1, 2], [2, 1, 2], [2, 1, 2], [2, 2, 3], [2, 2, 3], [2, 8], [1, 5], [3], [], [], [], [], [], []]",2,./mnist_nonograms\mnist_puzzle_654.json
662,1,"[[], [], [], [], [1], [2], [2], [2], [1], [1], [1], [1], [1], [1], [1], [1], [1], [2], [2], [2], [1], [], [], [], []]","[[], [], [], [], [], [], [], [], [], [], [], [3], [17], [3], [], [], [], [], [], [], [], [], [], [], []]",2,./mnist_nonograms\mnist_puzzle_662.json
664,5,"[[], [], [], [], [1], [4, 1], [10], [3, 7], [2, 2], [2], [2], [3], [4], [5], [5], [4], [3], [3], [3], [5, 3], [8], [4], [], [], []]","[[], [], [], [], [], [], [1], [2], [2], [1, 3, 3], [9, 3], [10, 2], [3, 4, 3], [3, 8], [3, 7], [2, 4], [2], [3], [3], [3], [], [], [], [], []]",2,./mnist_nonograms\mnist_puzzle_664.json
666,3,"[[], [], [], [], [], [5], [3, 1], [3, 1], [3, 2], [2, 1], [1], [2], [5], [5, 1], [3, 1], [1], [1], [1], [1], [1], [1], [2, 1], [2], [], []]","[[], [], [], [], [], [], [2], [2], [2, 2], [1, 3, 1], [1, 3, 1], [1, 2, 1], [1, 2, 1], [2, 1, 1], [1, 1, 1], [1, 1, 1, 2], [1, 1, 4], [1, 2], [3], [], [], [], [], [], []]",1000,./mnist_nonograms\mnist_puzzle_666.json
670,4,"[[], [], [], [], [1], [1], [1, 1], [1, 1], [2, 1], [1, 1], [1, 1], [2, 1], [1, 4, 1], [1, 5], [1, 2, 2], [4, 1], [3, 1], [1, 1], [1], [1], [1], [], [], [], []]","[[], [], [], [], [], [], [2], [4], [2, 2], [4, 1], [3, 2], [1], [1], [1], [2], [9], [11], [1], [], [], [1], [], [], [], []]",2,./mnist_nonograms\mnist_puzzle_670.json
672,0,"[[], [], [], [], [], [3], [5], [1], [1], [2, 1], [1, 1], [2, 2], [1, 2], [1, 2], [1, 2], [2], [2], [1, 3], [7], [4], [], [], [], [], []]","[[], [], [], [], [2, 2], [1, 2], [2], [1, 2], [1, 2], [1, 1], [1, 2], [1, 1], [1, 2], [1], [1, 1], [2], [1, 2], [1, 2], [2, 1], [2, 1], [2, 3], [], [], [], []]",1000,./mnist_nonograms\mnist_puzzle_672.json
678,9,"[[], [], [], [], [], [], [4], [2, 2, 1], [3, 2, 1], [2, 2], [2, 3, 1], [2, 4, 1], [3, 2, 1], [2, 1], [3], [2], [2], [2], [2], [1], [2], [2], [2], [2], []]","[[], [], [], [], [], [], [], [2], [4], [2, 1], [2, 1, 3], [2, 1, 4], [1, 7], [1, 1, 6], [2, 4], [2, 3], [4], [2], [], [2, 4], [], [], [], [], []]",2,./mnist_nonograms\mnist_puzzle_678.json
701,9,"[[], [], [], [], [3], [5], [2, 2], [1, 2], [1, 2], [2, 1], [2, 2], [2, 1], [1, 4], [1, 3], [5], [4], [1], [1], [1], [1], [2], [2], [], [], []]","[[], [], [], [], [], [], [], [], [], [4, 1], [3, 2, 2], [3, 2, 3], [2, 6], [2, 4], [2, 2], [2, 3], [7], [4], [], [], [], [], [], [], []]",2,./mnist_nonograms\mnist_puzzle_701.json
707,9,"[[], [], [], [], [], [4], [8], [10], [11], [5, 3], [6, 6], [4, 6], [4, 4], [6, 5], [11], [10], [2, 4], [4], [4], [5], [4], [3], [2], [], []]","[[], [], [], [], [], [], [4], [6], [8], [9], [5, 4], [5, 4], [4, 2, 4], [4, 10], [4, 1, 9], [16], [14], [10], [2, 3], [2], [1], [], [], [], []]",2,./mnist_nonograms\mnist_puzzle_707.json
719,6,"[[], [], [1], [1], [2], [2], [2], [2], [2], [2, 4], [1, 2, 1], [1, 2, 1], [2, 2, 1], [2, 1, 1], [1, 1, 2], [2, 1, 1], [2, 1, 1], [1, 3], [3, 3], [4], [], [], [], [], []]","[[], [], [], [], [], [], [], [], [5], [8, 4], [6, 1], [4, 2], [1], [2], [8], [3, 2], [3, 2], [1, 2], [1, 2], [4], [], [], [], [], []]",2,./mnist_nonograms\mnist_puzzle_719.json
720,0,"[[], [], [], [], [6], [9], [12], [4, 2, 3], [4, 2, 2], [4, 1, 2], [5, 2], [4, 2], [3, 2], [3, 2], [3, 2], [3, 2], [4, 2], [4, 5], [7, 8], [13], [8], [], [], [], []]","[[], [], [], [], [5], [9], [11], [4, 4], [5, 4], [5, 3], [3, 3], [3, 3], [3, 2], [3, 3], [6, 3], [5, 3], [3, 3], [3, 3], [3, 3], [4, 4], [13], [6], [], [], []]",2,./mnist_nonograms\mnist_puzzle_720.json
728,9,"[[], [], [], [], [], [3], [5], [6], [1, 3], [2, 4], [2, 5], [3, 4], [3, 5], [8], [6], [1, 3], [2], [2], [1], [1], [1], [2], [1], [], []]","[[], [], [], [], [], [], [], [], [2], [4], [6, 2], [3, 2, 2], [4, 8], [2, 6], [3, 6], [9], [8], [5], [2], [], [], [], [], [], []]",2,./mnist_nonograms\mnist_puzzle_728.json
745,6,"[[], [], [1], [2], [2], [2], [1], [1], [1], [2, 4], [3, 5], [3, 2, 1], [2, 2, 1], [2, 1, 2], [2, 1], [2, 1, 1], [4, 2], [6], [5], [4], [], [], [], [], []]","[[], [], [], [], [], [], [], [], [8], [10], [3, 4], [5, 5], [3, 2, 2], [2, 1, 2], [1, 2, 1], [1, 3, 1], [1, 2, 2], [2, 2], [3], [], [], [], [], [], []]",33,./mnist_nonograms\mnist_puzzle_745.json
746,7,"[[], [], [], [], [], [], [], [2, 4], [15], [15], [15], [2, 4], [4], [3], [4], [4], [3], [2], [3], [3], [2], [2], [2], [2], [2]]","[[], [], [], [], [], [1], [4], [4], [3], [4], [4, 6], [3, 7], [3, 5], [3, 5], [3, 5], [8], [7], [6], [5], [4], [3], [], [], [], []]",2,./mnist_nonograms\mnist_puzzle_746.json
76,9,"[[], [], [], [], [], [1], [3], [5], [4], [6], [7], [8], [7], [6], [3], [2], [2], [3], [3], [3], [2], [3], [1], [], []]","[[], [], [], [], [], [], [], [], [1], [4], [7], [8], [10, 3], [16], [1, 13], [4, 2], [], [], [], [], [], [], [], [], []]",2,./mnist_nonograms\mnist_puzzle_76.json
764,1,"[[], [], [], [], [2], [2], [2], [2], [2], [2], [2], [2], [2], [2], [2], [2], [2], [2], [2], [1], [1], [], [], [], []]","[[], [], [], [], [], [], [], [], [], [], [], [7], [15], [10], [], [], [], [], [], [], [], [], [], [], []]",2,./mnist_nonograms\mnist_puzzle_764.json
772,7,"[[], [], [], [], [], [], [], [2], [4], [3, 3], [2, 8], [5, 2], [3], [3], [2], [2], [2], [2], [1], [2], [1], [2], [2], [1], []]","[[], [], [1], [2], [3], [3], [2], [1], [1], [1], [1], [2], [1, 2], [1, 2], [2, 1], [2, 2], [2, 4], [8], [6], [2], [], [], [], [], []]",4,./mnist_nonograms\mnist_puzzle_772.json
777,5,"[[], [], [], [], [], [], [2], [12], [15], [4], [4], [3], [10], [5], [3], [2], [2], [3], [1, 2], [2, 3], [3, 4], [2], [], [], []]","[[], [], [], [], [], [2], [3, 2], [4, 2], [3, 1, 1], [3, 1, 1], [3, 1, 1], [3, 1, 1], [3, 2, 1], [2, 2, 1], [2, 2, 2], [2, 2, 4], [2, 7], [2, 4], [2], [2], [2], [2], [1], [], []]",5,./mnist_nonograms\mnist_puzzle_777.json
780,4,"[[], [], [], [2], [2], [2], [2], [2], [3], [1, 2], [1, 2], [2, 2], [2, 2], [2, 2], [2, 3, 2], [10], [4], [1], [1], [2], [2], [], [], [], []]","[[], [], [], [], [], [], [], [3], [4], [1, 2], [1, 2, 2], [2, 2, 3], [1, 4], [4], [5], [4, 1], [5, 2], [5, 1], [3], [1], [], [], [], [], []]",2,./mnist_nonograms\mnist_puzzle_780.json
782,4,"[[], [], [], [], [], [], [2, 1], [2, 2, 1], [2, 3, 2], [2, 2, 2], [2, 2, 2], [3, 2, 2], [2, 2, 1], [2, 2], [14], [13], [2], [1], [1], [2], [1], [], [], [], []]","[[], [], [], [], [], [2], [4], [5], [2, 2], [4, 2], [3, 2, 1], [1, 7], [5], [5], [4, 2], [5, 2], [3, 2], [2], [1, 1], [4], [3], [2], [1], [], []]",8,./mnist_nonograms\mnist_puzzle_782.json
784,3,"[[], [], [], [], [], [3], [5], [3, 2], [2], [2], [1], [1, 1], [1, 1], [1], [1], [1], [1], [2], [2], [2], [2], [2], [3], [], []]","[[], [], [], [], [], [], [], [1], [1], [2, 1], [2, 2], [2, 1, 2], [7, 1], [4, 2], [1, 3], [7], [], [], [], [], [], [], [], [], []]",2,./mnist_nonograms\mnist_puzzle_784.json
808,5,"[[], [], [], [], [], [1, 3], [8], [1, 7], [2, 1], [5], [4], [1], [1, 2], [2], [1], [1], [2], [2], [1], [], [1, 2], [5, 1], [3], [], []]","[[], [], [], [], [], [2], [1, 1], [3, 2], [4, 2], [3, 2], [2], [1], [2, 1, 2], [3], [2, 1], [3, 2, 3], [3, 5], [3], [2], [2], [], [], [], [], []]",4,./mnist_nonograms\mnist_puzzle_808.json
812,8,"[[], [], [], [], [5], [6], [3, 1], [2, 1], [2, 2], [3, 3], [2, 3], [1, 3], [4], [3], [4], [2, 2], [3, 2], [3, 2], [3, 2], [2, 2], [2, 3], [4], [], [], []]","[[], [], [], [], [], [], [], [3], [5], [4, 3, 1], [6, 3, 1], [3, 3, 3, 1], [2, 3, 1], [2, 9], [2, 9], [2, 1], [2, 1], [2], [3], [3], [2], [], [], [], []]",2,./mnist_nonograms\mnist_puzzle_812.json
83,5,"[[], [], [1], [2], [2], [3], [3], [1], [1], [1], [2], [3], [2, 4], [2], [1], [1], [2], [1, 3], [4, 5], [7], [], [], [], [], []]","[[], [], [], [], [], [], [], [2], [2], [2, 2], [3, 2], [4, 1], [2, 2], [2, 1, 2], [2, 1, 2], [2, 1, 2], [2, 2, 3], [2, 5], [], [], [], [], [], [], []]",2,./mnist_nonograms\mnist_puzzle_83.json
836,9,"[[], [], [], [], [], [4], [7], [2, 2], [2, 1], [2, 2], [8], [6], [2], [2], [2], [2], [2], [1], [1], [1], [1], [2], [1], [], []]","[[], [], [], [], [], [], [], [], [2], [4], [3, 2], [2, 2], [2, 2, 10], [2, 7, 1], [2, 4], [6], [2], [], [], [], [], [], [], [], []]",2,./mnist_nonograms\mnist_puzzle_836.json
838,9,"[[], [], [], [], [3], [5], [2], [2], [1], [1, 1], [2, 2], [2, 2], [1, 3], [2, 3], [5], [1], [], [1], [2], [1], [2], [2], [], [], []]","[[], [], [], [], [], [], [], [], [2, 1], [1, 2, 2], [2, 1, 3], [2, 2, 2], [2, 4], [2, 3], [2, 2], [1, 2], [2, 2], [2], [2], [], [], [], [], [], []]",12,./mnist_nonograms\mnist_puzzle_838.json
849,0,"[[], [], [], [], [3], [8], [10], [12], [14], [7, 4], [7, 4], [8, 5], [8, 5], [4, 4], [4, 4], [4, 4], [4, 3], [5, 4], [5, 4], [12], [10], [5], [], [], []]","[[], [], [], [], [2], [4], [5], [12], [13], [15], [16], [8, 4], [5, 3], [5, 3], [5, 3], [4, 3], [8, 5], [16], [15], [12], [5], [], [], [], []]",2,./mnist_nonograms\mnist_puzzle_849.json
855,8,"[[], [], [], [], [7], [9], [9], [3, 3], [3, 3], [3, 4], [3, 5], [2, 5], [6], [4], [4], [7], [3, 2], [3, 2], [2, 2], [3, 3], [8], [4], [], [], []]","[[], [], [], [], [], [2], [4], [6], [3, 2], [2, 2, 2], [8, 2], [9, 2], [4, 9], [4, 8], [3, 2, 1], [3, 2], [3, 2], [3, 3], [8], [7], [6], [], [], [], []]",2,./mnist_nonograms\mnist_puzzle_855.json
860,6,"[[], [1], [2], [2], [1], [1], [1], [2], [1], [2], [1], [2], [1, 7], [1, 3, 2], [2, 1, 2], [2, 1, 3], [10], [8], [4], [], [], [], [], [], []]","[[], [], [], [], [], [], [], [1], [6], [3, 4], [3, 3], [3, 4], [3, 3, 3], [3, 2, 2], [2, 2], [1, 2], [1, 3], [5], [4], [], [], [], [], [], []]",2,./mnist_nonograms\mnist_puzzle_860.json
862,1,"[[], [], [], [], [3], [3], [2], [2], [2], [2], [2], [2], [1], [2], [2], [3], [3], [2], [2], [3], [3], [], [], [], []]","[[], [], [], [], [], [], [], [], [], [2], [6], [8], [7, 1], [8], [6], [1], [], [], [], [], [], [], [], [], []]",2,./mnist_nonograms\mnist_puzzle_862.json
866,9,"[[], [], [], [], [], [3], [1, 1], [1], [1], [1], [1], [2, 2], [1, 4], [3, 2], [2], [1], [1], [1], [2], [1], [1], [1], [1], [], []]","[[], [], [], [], [], [], [], [], [], [3], [2, 1], [2, 1], [2, 1], [1, 1, 4], [1, 8, 1], [1, 4], [1], [], [], [], [], [], [], [], []]",10,./mnist_nonograms\mnist_puzzle_866.json
87,6,"[[], [], [], [3], [3], [2], [2], [1], [], [1], [1], [1], [1], [1], [1, 3], [1, 6], [1, 2], [1, 2], [2, 2], [6], [3], [], [], [], []]","[[], [], [], [], [], [], [], [], [5], [3, 3], [1, 2], [2, 1, 2], [2, 2, 1], [2, 2, 2], [2, 2, 2], [1, 3], [2, 2], [1], [1], [], [], [], [], [], []]",66,./mnist_nonograms\mnist_puzzle_87.json
872,6,"[[], [], [1], [2], [2], [2], [2], [2], [1], [1], [1], [2], [2, 3], [2, 6], [2, 1, 2], [2, 2], [2, 3], [2, 3], [7], [3], [], [], [], [], []]","[[], [], [], [], [], [], [], [], [], [7], [8], [3, 2], [3, 2, 2], [4, 1, 2], [2, 2, 2], [1, 2, 3], [2, 6], [4], [], [], [], [], [], [], []]",4,./mnist_nonograms\mnist_puzzle_872.json
89,3,"[[], [], [], [], [7], [3, 3], [2, 3], [3], [3], [4], [4], [3], [7], [3], [3], [1, 2], [1, 2], [1, 3], [2, 3], [11], [9], [], [], [], []]","[[], [], [], [], [2], [4], [1, 2], [1, 2], [2], [1, 2], [2, 1, 2], [3, 1, 2], [2, 2, 2], [1, 4, 3], [1, 6, 3], [2, 3, 7], [7, 4], [6], [2], [], [], [], [], [], []]",2,./mnist_nonograms\mnist_puzzle_89.json
891,1,"[[], [], [], [], [2], [2], [1], [1], [1], [1], [1], [1], [2], [2], [2], [2], [2], [2], [2], [2], [2], [1], [], [], []]","[[], [], [], [], [], [], [], [], [], [], [], [], [16], [2, 9], [2], [], [], [], [], [], [], [], [], [], []]",2,./mnist_nonograms\mnist_puzzle_891.json
892,8,"[[], [], [], [], [2, 1], [9], [14], [5, 7], [4, 6], [4, 6], [3, 6], [9], [5], [5], [6], [8], [8], [4, 4], [3, 4], [4, 4], [9], [6], [], [], []]","[[], [], [], [], [], [], [3], [5], [4, 7], [6, 8], [13, 2], [12, 3], [4, 10], [3, 10], [2, 11], [4, 3, 4], [7], [7], [6], [5], [4], [3], [], [], []]",2,./mnist_nonograms\mnist_puzzle_892.json
896,8,"[[], [], [], [], [2], [2, 1], [2, 1], [1, 1], [1, 1], [1, 1], [1, 2], [1, 1], [1], [1], [1], [1], [1, 1], [1], [], [], [1], [2], [], [], []]","[[], [], [], [], [], [], [], [], [], [], [6], [2, 1], [2, 3], [1, 2, 1, 1], [6, 2, 2], [], [], [], [], [], [], [], [], [], []]",3,./mnist_nonograms\mnist_puzzle_896.json
9,3,"[[], [], [], [], [5], [6], [4], [2], [2], [1], [4], [5], [2], [2], [2], [1], [1], [1, 1], [2, 2], [2, 1], [2, 2], [4], [], [], []]","[[], [], [], [], [], [1], [2], [2], [2, 2], [3, 2], [2, 2, 2], [2, 2, 1], [6, 1], [2, 2, 1], [2, 1], [3, 2], [8], [1], [], [], [], [], [], [], []]",2,./mnist_nonograms\mnist_puzzle_9.json
905,9,"[[], [], [], [], [], [], [4], [6], [3, 4], [2, 3], [3, 3], [2, 4], [9], [2], [3], [2], [3], [2], [2], [2], [1], [1], [1], [1], []]","[[], [], [], [], [], [], [], [1], [3], [5], [3, 1], [2, 1, 3], [2, 1, 5], [3, 2, 6], [3, 7], [9], [5], [1], [], [], [], [], [], [], []]",2,./mnist_nonograms\mnist_puzzle_905.json
913,3,"[[], [], [], [], [], [], [], [7], [4, 2], [5, 2], [3, 2], [2, 2], [2], [2, 9], [6, 1], [4], [1, 1], [2], [2], [3], [3], [], [], [], []]","[[], [], [], [], [1], [2], [2, 2], [2, 3], [1, 3], [1, 1, 2], [2, 1, 1], [1, 1], [2, 1, 2], [2, 2, 1, 1], [1, 1, 1, 1], [1, 1, 1, 2], [3, 1, 1], [2, 1, 2], [1, 1, 1], [1, 1], [1, 2], [1], [], [], []]",4,./mnist_nonograms\mnist_puzzle_913.json
914,5,"[[], [], [], [], [1], [4], [5], [5], [6], [6], [1, 3], [3], [5], [5], [3], [2], [1], [1], [1], [1, 2], [1, 3], [2], [], [], []]","[[], [], [], [], [], [], [], [2], [2, 2], [5], [7], [4, 2, 2], [4, 2, 1], [3, 2, 1], [3, 2, 1], [2, 2, 2], [2, 6], [2], [], [], [], [], [], [], []]",2,./mnist_nonograms\mnist_puzzle_914.json
919,6,"[[], [], [2], [3], [6], [5], [5], [5], [4], [4], [4], [4], [4, 5], [3, 7], [4, 7], [13], [12], [12], [10], [5], [], [], [], [], []]","[[], [], [], [], [], [], [], [4], [8], [10], [6, 5], [6, 4], [6, 7], [5, 8], [5, 8], [5, 8], [4, 8], [1, 7], [6], [3], [], [], [], [], []]",2,./mnist_nonograms\mnist_puzzle_919.json
92,1,"[[], [], [], [], [1], [1], [1], [2], [2], [2], [2], [2], [1], [1], [1], [1], [1], [2], [2], [1], [1], [], [], [], []]","[[], [], [], [], [], [], [], [], [], [], [4], [5], [4], [5], [6], [], [], [], [], [], [], [], [], [], []]",2,./mnist_nonograms\mnist_puzzle_92.json
932,1,"[[], [], [], [], [2], [3], [3], [3], [3], [3], [3], [2], [2], [2], [3], [3], [2], [2], [3], [2], [2], [], [], [], []]","[[], [], [], [], [], [], [], [], [], [], [3], [7], [12], [11], [7], [3], [], [], [], [], [], [], [], [], []]",2,./mnist_nonograms\mnist_puzzle_932.json
947,6,"[[], [], [], [2], [2], [2], [2], [1], [], [1], [1], [1], [2, 3], [1, 2, 1], [2, 2, 2], [2, 1, 1], [2, 1, 2], [1, 2], [1, 2], [2, 2], [4], [], [], [], []]","[[], [], [], [], [], [], [], [], [], [3], [8], [4, 2], [3, 3, 1], [3, 2, 2], [2, 2, 3], [1, 1, 3], [6], [1], [], [], [], [], [], [], []]",2,./mnist_nonograms\mnist_puzzle_947.json
95,2,"[[], [], [], [2], [4, 3], [4, 2], [1, 2], [2], [2], [2], [2], [3], [3], [2], [2], [2], [4, 2], [14], [16], [7], [], [], [], [], []]","[[], [], [], [], [], [2], [1, 2], [3, 3], [2, 4], [2, 4], [1, 5], [6], [1, 3, 2], [2, 3, 2], [9, 2], [8, 2], [2], [2], [2], [2], [3], [1], [], [], []]",2,./mnist_nonograms\mnist_puzzle_95.json
961,1,"[[], [], [], [], [2], [3], [3], [3], [2], [3], [2], [2], [1], [1], [2], [2], [3], [2], [3], [2], [2], [1], [], [], []]","[[], [], [], [], [], [], [], [], [4], [5], [5], [4], [2], [3], [4], [4], [3], [3], [2], [], [], [], [], [], []]",2,./mnist_nonograms\mnist_puzzle_961.json
965,8,"[[], [], [], [], [3, 1], [5, 3], [2, 5], [1, 2], [1, 1], [1, 2], [1, 1], [2], [4], [1, 3], [1, 2], [2, 2], [1, 3], [1, 2], [1, 2], [2, 2], [2, 4], [2], [], [], []]","[[], [], [], [], [], [], [], [], [3], [2, 1], [2, 1, 6], [2, 5, 2], [3, 4], [5, 2, 1], [2, 2, 1], [2, 2, 1], [2, 3, 1], [2, 6], [5], [], [], [], [], [], []]",2,./mnist_nonograms\mnist_puzzle_965.json
967,1,"[[], [], [], [], [1], [1], [2], [2], [1], [1], [2], [1], [1], [1], [], [], [], [], [1], [1], [1], [], [], [], []]","[[], [], [], [], [], [], [], [], [], [], [], [3], [4], [5], [4], [], [], [], [], [], [], [], [], [], []]",2,./mnist_nonograms\mnist_puzzle_967.json
98,7,"[[], [], [], [], [], [], [5, 4], [13], [13], [13], [12], [5, 4], [4], [5], [4], [3], [4], [3], [4], [3], [3], [3], [3], [3], []]","[[], [], [], [], [], [3], [5], [5], [6], [6, 3], [6, 4], [5, 6], [5, 5], [4, 7], [13], [11], [9], [8], [], [], [], [], [], [], []]",2,./mnist_nonograms\mnist_puzzle_98.json
997,5,"[[], [], [], [], [1], [11], [4, 8], [2, 1], [2], [3], [3], [3], [2], [3], [2], [3], [2], [2], [6, 5], [12], [], [], [], [], []]","[[], [], [], [], [2], [2], [2], [2], [4, 2], [6, 2], [2, 3, 1], [3, 2, 1], [1, 2, 2], [2, 4, 2], [2, 7], [2, 5], [2, 1], [2], [2], [3], [2], [], [], [], []]",2,./mnist_nonograms\mnist_puzzle_997.json
